q_dot_occ,q_dot_ac,q_dot_vent,q_dot_solar,T_amb,T_b,Phi
0,40,0,0,5.1,22.43,0.18
0,40,0,0,4.6,22.43,0.18
0,40,0,0,4.3,22.43,0.18
0,40,0,0,4,22.43,0.18
0,40,0,0,3.8,22.43,0.18
0,40,0,0,3.7,22.43,0.18
0,40,0,0,3.5,22.43,0.25
20.8,40,45.88,0,3.3,12.86,0.25
20.8,40,46.51,0,2.9,12.59,0.25
20.8,40,49.3,6.9,1.1,11.37,0.25
20.8,40,47.45,13.6,2.3,12.19,0.25
0,40,0,20.6,2.8,22.43,0.25
20.8,40,48.23,36.2,1.8,11.85,0.25
20.8,40,48.84,11.5,1.4,11.58,0.25
20.8,40,46.98,16.1,2.6,12.39,0.25
20.8,40,44.77,13.7,4,13.33,0.25
0,40,0,1.6,3.7,22.43,0.25
20.8,40,44.93,0,3.9,13.26,0.25
20.8,40,45.25,0,3.7,13.13,0.25
20.8,40,48.38,0,1.7,11.78,0.25
20.8,40,46.83,0,2.7,12.46,0.25
0,40,0,0,3.7,22.43,0.18
0,40,0,0,3.8,22.43,0.18
0,40,0,0,3.9,22.43,0.18
0,40,0,0,3.7,22.43,0.18
0,40,0,0,3.5,22.43,0.18
0,40,0,0,1.5,22.43,0.18
0,40,0,0,3.2,22.43,0.18
0,40,0,0,4.2,22.43,0.18
0,40,0,0,4,22.43,0.25
0,40,0,0,5,22.43,0.25
20.8,40,47.92,0,2,11.98,0.25
20.8,40,43.97,0,4.5,13.66,0.25
20.8,40,43.17,15,5,13.99,0.25
20.8,40,42.2,38.7,5.6,14.39,0.25
0,40,0,20.7,2.7,22.43,0.25
20.8,40,44.62,23.6,4.1,13.39,0.25
20.8,40,42.2,43.7,5.6,14.39,0.25
20.8,40,42.53,36.9,5.4,14.26,0.25
20.8,40,42.04,17,5.7,14.46,0.25
0,40,0,1.9,4.7,22.43,0.25
20.8,40,44.93,0,3.9,13.26,0.25
20.8,40,45.41,0,3.6,13.06,0.25
20.8,40,47.14,0,2.5,12.32,0.25
20.8,40,48.54,0,1.6,11.71,0.18
0,40,0,0,2.4,22.43,0.18
0,40,0,0,1,22.43,0.18
0,40,0,0,0.6,22.43,0.18
0,40,0,0,0.8,22.43,0.18
0,40,0,0,0.6,22.43,0.18
0,40,0,0,1.1,22.43,0.18
0,40,0,0,1.3,22.43,0.18
0,40,0,0,0.4,22.43,0.25
0,40,0,0,0.9,22.43,0.25
0,40,0,0,-0.2,22.43,0.25
20.8,40,50.97,0,0,10.62,0.25
20.8,40,50.67,0,0.2,10.76,0.25
20.8,40,49.3,4.7,1.1,11.37,0.25
20.8,40,48.07,13.9,1.9,11.92,0.25
0,40,0,20.9,2.3,22.43,0.25
20.8,40,47.3,24,2.4,12.25,0.25
20.8,40,47.3,22.4,2.4,12.25,0.25
20.8,40,47.46,46,2.3,12.19,0.25
20.8,40,48.38,34.2,1.7,11.78,0.25
0,40,0,2.1,0.5,22.43,0.25
20.8,40,50.21,0,0.5,10.96,0.25
20.8,40,50.67,0,0.2,10.76,0.25
20.8,40,51.12,0,-0.1,10.55,0.18
20.8,40,51.41,0,-0.3,10.41,0.18
0,40,0,0,-0.8,22.43,0.18
0,40,0,0,-0.9,22.43,0.18
0,40,0,0,-1,22.43,0.18
0,40,0,0,-1.6,22.43,0.18
0,40,0,0,-1.6,22.43,0.18
0,40,0,0,-1.6,22.43,0.18
0,40,0,0,-2,22.43,0.25
0,40,0,0,-2.1,22.43,0.25
0,40,0,0,-2,22.43,0.25
0,40,0,0,-2.2,22.43,0.25
20.8,40,54.46,0,-2.4,8.95,0.25
20.8,40,54.6,0,-2.5,8.88,0.25
20.8,40,53.75,15.3,-1.9,9.3,0.25
20.8,40,52.89,43.6,-1.3,9.72,0.25
0,40,0,64.3,-0.6,22.44,0.25
20.8,40,50.97,66.7,0,10.62,0.25
20.8,40,49.61,61.9,0.9,11.24,0.25
20.8,40,50.22,57.9,0.5,10.96,0.25
20.8,40,50.37,35,0.4,10.89,0.25
0,40,0,2.3,-0.4,22.43,0.25
20.8,40,53.03,0,-1.4,9.65,0.25
20.8,40,53.89,0,-2,9.23,0.18
20.8,40,53.89,0,-2,9.23,0.18
20.8,40,55.16,0,-2.9,8.59,0.18
0,40,0,0,-3,22.43,0.18
0,40,0,0,-3,22.43,0.18
0,40,0,0,-2.9,22.43,0.18
0,40,0,0,-3.4,22.43,0.18
0,40,0,0,-4.2,22.43,0.18
0,40,0,0,-4.1,22.43,0.25
0,40,0,0,-4.2,22.43,0.25
0,40,0,0,-4.5,22.43,0.25
0,40,0,0,-4.6,22.43,0.25
0,40,0,0,-4.9,22.43,0.25
20.8,40,57.71,0,-4.8,7.22,0.25
20.8,40,57.96,0,-5,7.08,0.25
20.8,40,57.71,15.2,-4.8,7.22,0.25
20.8,40,56.66,39.4,-4,7.8,0.25
0,40,0,60.6,-3.4,22.43,0.25
20.8,40,55.02,56.8,-2.8,8.66,0.25
20.8,40,54.74,45.6,-2.6,8.81,0.25
20.8,40,54.46,28.5,-2.4,8.95,0.25
20.8,40,54.32,8,-2.3,9.02,0.25
0,40,0,1.2,-2.5,22.43,0.25
20.8,40,54.46,0,-2.4,8.95,0.18
20.8,40,54.6,0,-2.5,8.88,0.18
20.8,40,54.74,0,-2.6,8.8,0.18
20.8,40,54.74,0,-2.6,8.8,0.18
0,40,0,0,-2.5,22.43,0.18
0,40,0,0,-2.6,22.43,0.18
0,40,0,0,-2.8,22.43,0.18
0,40,0,0,-3.6,22.43,0.18
0,40,0,0,-3.7,22.43,0.25
0,40,0,0,-3.9,22.43,0.25
0,40,0,0,-3.9,22.43,0.25
0,40,0,0,-3.8,22.43,0.25
0,40,0,0,-3.8,22.43,0.25
0,40,0,0,-3.9,22.43,0.25
20.8,40,56.26,0,-3.7,8.02,0.25
20.8,40,56.39,0,-3.8,7.95,0.25
20.8,40,55.99,2.2,-3.5,8.16,0.25
20.8,40,55.72,6.8,-3.3,8.31,0.25
0,40,0,10.8,-3,22.43,0.25
20.8,40,54.88,12.7,-2.7,8.73,0.25
20.8,40,54.46,12,-2.4,8.95,0.25
20.8,40,54.32,9.2,-2.3,9.02,0.25
20.8,40,54.18,4.4,-2.2,9.09,0.25
0,40,0,0.7,-1.8,22.43,0.18
20.8,40,53.61,0,-1.8,9.37,0.18
20.8,40,53.61,0,-1.8,9.37,0.18
20.8,40,53.46,0,-1.7,9.44,0.18
20.8,40,53.18,0,-1.5,9.58,0.18
0,40,0,0,-1.3,22.43,0.18
0,40,0,0,-1.2,22.43,0.18
0,40,0,0,-1,22.43,0.18
0,40,0,0,-0.7,22.43,0.25
0,40,0,0,-0.8,22.43,0.25
0,40,0,0,-0.6,22.43,0.25
0,40,0,0,-1,22.43,0.25
0,40,0,0,-1.3,22.43,0.25
0,40,0,0,-1.5,22.43,0.25
0,40,0,0,-1.7,22.43,0.25
20.8,40,53.03,0,-1.4,9.65,0.25
20.8,40,53.18,0,-1.5,9.58,0.25
20.8,40,53.61,5,-1.8,9.37,0.25
20.8,40,53.18,14.4,-1.5,9.58,0.25
0,40,0,21.8,-1.2,22.43,0.25
20.8,40,52.01,24.9,-0.7,10.14,0.25
20.8,40,51.27,23.5,-0.2,10.48,0.25
20.8,40,51.42,17.7,-0.3,10.41,0.25
20.8,40,52.01,8.5,-0.7,10.13,0.18
0,40,0,0.7,-0.6,22.43,0.18
20.8,40,51.71,0,-0.5,10.27,0.18
20.8,40,51.71,0,-0.5,10.27,0.18
20.8,40,52.01,0,-0.7,10.13,0.18
20.8,40,51.71,0,-0.5,10.27,0.18
0,40,0,0,-0.4,22.43,0.18
0,40,0,0,-0.1,22.43,0.18
0,40,0,0,-0.5,22.43,0.25
0,40,0,0,-1.1,22.43,0.25
0,40,0,0,-1.2,22.43,0.25
0,40,0,0,-1.8,22.43,0.25
0,40,0,0,-1.8,22.43,0.25
0,40,0,0,-1.9,22.43,0.25
0,40,0,0,-2.1,22.43,0.25
0,40,0,0,-1.7,22.43,0.25
20.8,40,52.3,0,-0.9,10,0.25
20.8,40,51.41,0,-0.3,10.41,0.25
20.8,40,50.82,2.2,0.1,10.69,0.25
20.8,40,50.06,6.8,0.6,11.03,0.25
0,40,0,10.8,0.9,22.43,0.25
20.8,40,49.15,12.7,1.2,11.44,0.25
20.8,40,48.69,12.2,1.5,11.64,0.25
20.8,40,48.54,9.4,1.6,11.71,0.18
20.8,40,48.69,4.7,1.5,11.64,0.18
0,40,0,0.7,1.6,22.43,0.18
20.8,40,48.38,0,1.7,11.78,0.18
20.8,40,48.07,0,1.9,11.92,0.18
20.8,40,47.45,0,2.3,12.19,0.18
20.8,40,43.49,0,4.8,13.86,0.18
0,40,0,0,4.7,22.43,0.18
0,40,0,0,4.7,22.43,0.25
0,40,0,0,4.5,22.43,0.25
0,40,0,0,3.7,22.43,0.25
0,40,0,0,4.2,22.43,0.25
0,40,0,0,3.5,22.43,0.25
0,40,0,0,4.2,22.43,0.25
0,40,0,0,4.2,22.43,0.25
0,40,0,0,4.9,22.43,0.25
0,40,0,0,4.9,22.43,0.25
20.8,40,43.17,0,5,13.99,0.25
20.8,40,44.29,0,4.3,13.53,0.25
20.8,40,44.77,4.9,4,13.33,0.25
20.8,40,42.69,14.7,5.3,14.19,0.25
0,40,0,10.8,5.9,22.43,0.25
20.8,40,40.9,25,6.4,14.92,0.25
20.8,40,40.41,23.8,6.7,15.12,0.18
20.8,40,41.06,9.4,6.3,14.85,0.18
20.8,40,41.22,4.7,6.2,14.79,0.18
0,40,0,0.7,6.5,22.43,0.18
20.8,40,40.4,0,6.7,15.12,0.18
20.8,40,40.24,0,6.8,15.18,0.18
20.8,40,39.25,0,7.4,15.58,0.18
20.8,40,38.59,0,7.8,15.84,0.18
0,40,0,0,8.3,22.44,0.25
0,40,0,0,8.1,22.44,0.25
0,40,0,0,8,22.44,0.25
0,40,0,0,8.6,22.44,0.25
0,40,0,0,8.2,22.44,0.25
0,40,0,0,7.7,22.44,0.25
0,40,0,0,7.3,22.44,0.25
0,40,0,0,7,22.44,0.25
0,40,0,0,7,22.44,0.25
0,40,0,0,6.7,22.43,0.25
20.8,40,40.57,0,6.6,15.05,0.25
20.8,40,40.73,0,6.5,14.99,0.25
20.8,40,41.22,11.8,6.2,14.79,0.25
20.8,40,44.3,38.7,4.3,13.53,0.25
0,40,0,22.4,5.5,22.43,0.25
20.8,40,44.3,13.2,4.3,13.53,0.18
20.8,40,41.55,12.5,6,14.66,0.18
20.8,40,41.39,9.6,6.1,14.72,0.18
20.8,40,41.55,4.9,6,14.66,0.18
0,40,0,0.9,5.8,22.43,0.18
20.8,40,43.49,0,4.8,13.86,0.18
20.8,40,43.97,0,4.5,13.66,0.18
20.8,40,45.09,0,3.8,13.19,0.18
20.8,40,45.41,0,3.6,13.06,0.25
0,40,0,0,3.1,22.43,0.25
0,40,0,0,2.9,22.43,0.25
0,40,0,0,2.8,22.43,0.25
0,40,0,0,2.9,22.43,0.25
0,40,0,0,3.7,22.43,0.25
0,40,0,0,3.6,22.43,0.25
0,40,0,0,3.4,22.43,0.25
0,40,0,0,3.7,22.43,0.25
0,40,0,0,2.8,22.43,0.25
0,40,0,0,2,22.43,0.25
20.8,40,46.83,0,2.7,12.46,0.25
20.8,40,45.09,0,3.8,13.19,0.25
20.8,40,45.41,17.2,3.6,13.06,0.25
20.8,40,44.62,43.7,4.1,13.4,0.25
0,40,0,63.8,5.1,22.44,0.18
20.8,40,45.26,68.4,3.7,13.13,0.18
20.8,40,46.36,37.1,3,12.66,0.18
20.8,40,44.46,53.6,4.2,13.46,0.18
20.8,40,45.25,37.3,3.7,13.13,0.18
0,40,0,3.5,2.8,22.43,0.18
20.8,40,44.93,0,3.9,13.26,0.18
20.8,40,45.88,0,3.3,12.86,0.18
20.8,40,45.57,0,3.5,12.99,0.25
20.8,40,45.09,0,3.8,13.19,0.25
0,40,0,0,3.5,22.43,0.25
0,40,0,0,3.3,22.43,0.25
0,40,0,0,4,22.43,0.25
0,40,0,0,3.6,22.43,0.25
0,40,0,0,3.5,22.43,0.25
0,40,0,0,4.8,22.43,0.25
0,40,0,0,5.2,22.43,0.25
0,40,0,0,4.7,22.43,0.25
0,40,0,0,5.3,22.43,0.25
0,40,0,0,5.1,22.43,0.25
20.8,40,42.52,0,5.4,14.26,0.25
20.8,40,43.65,0,4.7,13.79,0.25
20.8,40,43.82,15.6,4.6,13.73,0.25
20.8,40,43.5,35.8,4.8,13.86,0.18
0,40,0,36.5,5.5,22.44,0.18
20.8,40,46.04,26.1,3.2,12.79,0.18
20.8,40,45.1,59.7,3.8,13.19,0.18
20.8,40,44.14,60.6,4.4,13.6,0.18
20.8,40,43.98,40.8,4.5,13.66,0.18
0,40,0,4,3,22.43,0.18
20.8,40,47.92,0,2,11.98,0.18
20.8,40,48.38,0,1.7,11.78,0.25
20.8,40,49.46,0,1,11.3,0.25
20.8,40,48.23,0,1.8,11.85,0.25
0,40,0,0,1.7,22.43,0.25
0,40,0,0,1.6,22.43,0.25
0,40,0,0,2.2,22.43,0.25
0,40,0,0,0.9,22.43,0.25
0,40,0,0,0.8,22.43,0.25
0,40,0,0,1.5,22.43,0.25
0,40,0,0,1.6,22.43,0.25
0,40,0,0,2.3,22.43,0.25
0,40,0,0,1.5,22.43,0.25
0,40,0,0,1.7,22.43,0.25
20.8,40,45.09,0,3.8,13.19,0.25
20.8,40,45.57,0,3.5,12.99,0.25
20.8,40,45.25,2.4,3.7,13.13,0.18
20.8,40,44.14,7.3,4.4,13.59,0.18
0,40,0,23.2,5.4,22.43,0.18
20.8,40,42.04,13.6,5.7,14.46,0.18
20.8,40,41.88,13.2,5.8,14.52,0.18
20.8,40,42.04,10.1,5.7,14.46,0.18
20.8,40,42.2,10.1,5.6,14.39,0.18
0,40,0,1.2,5.1,22.43,0.18
20.8,40,43.33,0,4.9,13.93,0.25
20.8,40,43.17,0,5,13.99,0.25
20.8,40,43.01,0,5.1,14.06,0.25
20.8,40,43.65,0,4.7,13.79,0.25
0,40,0,0,4.7,22.43,0.25
0,40,0,0,4.8,22.43,0.25
0,40,0,0,4.8,22.43,0.25
0,40,0,0,4.8,22.43,0.25
0,40,0,0,4.9,22.43,0.25
0,40,0,0,5,22.43,0.25
0,40,0,0,5,22.43,0.25
0,40,0,0,5,22.43,0.25
0,40,0,0,5.1,22.43,0.25
0,40,0,0,5.4,22.43,0.25
20.8,40,42.2,0,5.6,14.39,0.25
20.8,40,42.36,0,5.5,14.33,0.18
20.8,40,42.2,2.4,5.6,14.39,0.18
20.8,40,41.71,7.5,5.9,14.59,0.18
0,40,0,11.5,6.1,22.43,0.18
20.8,40,40.08,13.6,6.9,15.25,0.18
20.8,40,38.42,25.4,7.9,15.9,0.18
20.8,40,37.92,19.7,8.2,16.1,0.18
20.8,40,38.26,10.3,8,15.97,0.18
0,40,0,2.1,7.7,22.44,0.25
20.8,40,38.92,0,7.6,15.71,0.25
20.8,40,38.75,0,7.7,15.77,0.25
20.8,40,38.59,0,7.8,15.84,0.25
20.8,40,38.75,0,7.7,15.77,0.25
0,40,0,0,7.5,22.43,0.25
0,40,0,0,7.4,22.43,0.25
0,40,0,0,7.6,22.43,0.25
0,40,0,0,7.5,22.43,0.25
0,40,0,0,7.7,22.43,0.25
0,40,0,0,7.8,22.43,0.25
0,40,0,0,7.8,22.43,0.25
0,40,0,0,7.6,22.43,0.25
0,40,0,0,7.8,22.43,0.25
0,40,0,0,7.6,22.43,0.25
20.8,40,38.42,0,7.9,15.9,0.18
20.8,40,38.59,0,7.8,15.84,0.18
20.8,40,38.42,2.3,7.9,15.9,0.18
20.8,40,38.09,7.5,8.1,16.04,0.18
0,40,0,11.8,8.2,22.44,0.18
20.8,40,37.59,13.9,8.4,16.23,0.18
20.8,40,37.42,13.4,8.5,16.3,0.18
20.8,40,37.25,10.3,8.6,16.36,0.18
20.8,40,37.25,5.6,8.6,16.36,0.25
0,40,0,1.2,8.4,22.44,0.25
20.8,40,37.59,0,8.4,16.23,0.25
20.8,40,37.76,0,8.3,16.17,0.25
20.8,40,37.59,0,8.4,16.23,0.25
20.8,40,38.25,0,8,15.97,0.25
0,40,0,0,7.5,22.43,0.25
0,40,0,0,7.1,22.43,0.25
0,40,0,0,7,22.43,0.25
0,40,0,0,6.9,22.43,0.25
0,40,0,0,6.7,22.43,0.25
0,40,0,0,6.2,22.43,0.25
0,40,0,0,6,22.43,0.25
0,40,0,0,5.4,22.43,0.25
0,40,0,0,4.9,22.43,0.25
0,40,0,0,4.5,22.43,0.18
20.8,40,44.77,0,4,13.33,0.18
20.8,40,45.25,0.2,3.7,13.13,0.18
20.8,40,45.09,20,3.8,13.19,0.18
20.8,40,43.66,47.9,4.7,13.8,0.18
0,40,0,64.8,5.5,22.44,0.18
20.8,40,41.06,71.5,6.3,14.86,0.18
20.8,40,40.24,67.2,6.8,15.18,0.18
20.8,40,40.41,64.8,6.7,15.12,0.25
20.8,40,41.23,45.2,6.2,14.79,0.25
0,40,0,5.2,5.2,22.43,0.25
20.8,40,44.13,0,4.4,13.59,0.25
20.8,40,45.41,0,3.6,13.06,0.25
20.8,40,46.04,0,3.2,12.79,0.25
20.8,40,46.51,0,2.9,12.59,0.25
0,40,0,0,2.6,22.43,0.25
0,40,0,0,1.8,22.43,0.25
0,40,0,0,1.7,22.43,0.25
0,40,0,0,1.9,22.43,0.25
0,40,0,0,2,22.43,0.25
0,40,0,0,2.1,22.43,0.25
0,40,0,0,2.4,22.43,0.25
0,40,0,0,2.7,22.43,0.25
0,40,0,0,2.7,22.43,0.18
0,40,0,0,2.9,22.43,0.18
20.8,40,46.04,0,3.2,12.79,0.18
20.8,40,46.04,0.2,3.2,12.79,0.18
20.8,40,45.41,6.1,3.6,13.06,0.18
20.8,40,43.17,16.7,5,13.99,0.18
0,40,0,24.6,6,22.44,0.18
20.8,40,39.75,27.9,7.1,15.38,0.18
20.8,40,39.91,26.6,7,15.32,0.25
20.8,40,39.25,21.3,7.4,15.58,0.25
20.8,40,38.75,11.6,7.7,15.77,0.25
0,40,0,2.6,7.7,22.44,0.25
20.8,40,39.08,0,7.5,15.64,0.25
20.8,40,38.59,0,7.8,15.84,0.25
20.8,40,38.59,0,7.8,15.84,0.25
20.8,40,38.59,0,7.8,15.84,0.25
0,40,0,0,7.3,22.44,0.25
0,40,0,0,7.2,22.44,0.25
0,40,0,0,6.8,22.43,0.25
0,40,0,0,7.7,22.44,0.25
0,40,0,0,8.2,22.44,0.25
0,40,0,0,8.3,22.44,0.25
0,40,0,0,8.4,22.44,0.25
0,40,0,0,7.6,22.44,0.18
0,40,0,0,7.3,22.44,0.18
0,40,0,0,7.3,22.44,0.18
20.8,40,39.91,0,7,15.31,0.18
20.8,40,40.24,0,6.8,15.18,0.18
20.8,40,40.4,2.6,6.7,15.12,0.18
20.8,40,40.4,8,6.7,15.12,0.18
0,40,0,12.2,6.6,22.43,0.18
20.8,40,39.91,28.2,7,15.31,0.25
20.8,40,39.25,26.8,7.4,15.58,0.25
20.8,40,39.42,21.6,7.3,15.51,0.25
20.8,40,40.24,12.1,6.8,15.18,0.25
0,40,0,3.3,6,22.43,0.25
20.8,40,42.04,0,5.7,14.46,0.25
20.8,40,42.52,0,5.4,14.26,0.25
20.8,40,43.33,0,4.9,13.93,0.25
20.8,40,43.65,0,4.7,13.79,0.25
0,40,0,0,3.8,22.43,0.25
0,40,0,0,3.3,22.43,0.25
0,40,0,0,3.3,22.43,0.25
0,40,0,0,2.1,22.43,0.25
0,40,0,0,2.5,22.43,0.25
0,40,0,0,2.4,22.43,0.25
0,40,0,0,1.9,22.43,0.18
0,40,0,0,2.6,22.43,0.18
0,40,0,0,2.4,22.43,0.18
0,40,0,0,2.3,22.43,0.18
20.8,40,46.98,0,2.6,12.39,0.18
20.8,40,46.67,0.2,2.8,12.52,0.18
20.8,40,45.73,6.3,3.4,12.93,0.18
20.8,40,44.93,17.2,3.9,13.26,0.18
0,40,0,25.1,4.5,22.43,0.25
20.8,40,42.85,64.3,5.2,14.13,0.25
20.8,40,41.88,56.4,5.8,14.52,0.25
20.8,40,41.55,35.3,6,14.66,0.25
20.8,40,41.39,12.3,6.1,14.72,0.25
0,40,0,1.6,6.2,22.43,0.25
20.8,40,40.73,0,6.5,14.99,0.25
20.8,40,41.22,0,6.2,14.79,0.25
20.8,40,41.06,0,6.3,14.85,0.25
20.8,40,41.06,0,6.3,14.85,0.25
0,40,0,0,7.1,22.44,0.25
0,40,0,0,7.2,22.44,0.25
0,40,0,0,7.9,22.44,0.25
0,40,0,0,8.2,22.44,0.25
0,40,0,0,8.3,22.44,0.25
0,40,0,0,8.5,22.44,0.18
0,40,0,0,9,22.44,0.18
0,40,0,0,9,22.44,0.18
0,40,0,0,9,22.44,0.18
0,40,0,0,8.8,22.44,0.18
20.8,40,36.08,0,9.3,16.82,0.18
20.8,40,36.42,0.2,9.1,16.69,0.18
20.8,40,37.59,18.2,8.4,16.23,0.18
20.8,40,37.26,49.4,8.6,16.36,0.25
0,40,0,67.7,9,22.44,0.25
20.8,40,36.93,64.9,8.8,16.49,0.25
20.8,40,37.26,46.2,8.6,16.36,0.25
20.8,40,37.59,22.6,8.4,16.23,0.25
20.8,40,38.26,30.5,8,15.97,0.25
0,40,0,7,8,22.44,0.25
20.8,40,39.58,0,7.2,15.45,0.25
20.8,40,40.73,0,6.5,14.99,0.25
20.8,40,40.07,0,6.9,15.25,0.25
20.8,40,41.22,0,6.2,14.79,0.25
0,40,0,0,6.6,22.43,0.25
0,40,0,0,5.5,22.43,0.25
0,40,0,0,5.5,22.43,0.25
0,40,0,0,5.5,22.43,0.25
0,40,0,0,5,22.43,0.18
0,40,0,0,4.3,22.43,0.18
0,40,0,0,3.8,22.43,0.18
0,40,0,0,4.3,22.43,0.18
0,40,0,0,5,22.43,0.18
0,40,0,0,4.8,22.43,0.18
20.8,40,43.33,0,4.9,13.93,0.18
20.8,40,44.61,0.5,4.1,13.39,0.18
20.8,40,44.13,6.9,4.4,13.59,0.25
20.8,40,43.5,49.5,4.8,13.86,0.25
0,40,0,71.9,5.3,22.44,0.25
20.8,40,41.23,65.6,6.2,14.79,0.25
20.8,40,40.9,29.2,6.4,14.92,0.25
20.8,40,40.73,22.9,6.5,14.99,0.25
20.8,40,41.06,13.3,6.3,14.85,0.25
0,40,0,1.9,6.3,22.43,0.25
20.8,40,41.39,0,6.1,14.72,0.25
20.8,40,41.55,0,6,14.66,0.25
20.8,40,41.39,0,6.1,14.72,0.25
20.8,40,40.57,0,6.6,15.05,0.25
0,40,0,0,7.5,22.44,0.25
0,40,0,0,7.9,22.44,0.25
0,40,0,0,8.1,22.44,0.25
0,40,0,0,8.7,22.44,0.18
0,40,0,0,6.6,22.43,0.18
0,40,0,0,6.5,22.43,0.18
0,40,0,0,6.8,22.43,0.18
0,40,0,0,8.5,22.44,0.18
0,40,0,0,5.1,22.43,0.18
0,40,0,0,4.1,22.43,0.18
20.8,40,43.17,0,5,13.99,0.18
20.8,40,41.22,0.2,6.2,14.79,0.25
20.8,40,40.08,7.2,6.9,15.25,0.25
20.8,40,39.09,18.2,7.5,15.64,0.25
0,40,0,13.2,7.3,22.44,0.25
20.8,40,39.09,15.3,7.5,15.64,0.25
20.8,40,39.25,14.8,7.4,15.58,0.25
20.8,40,39.42,12,7.3,15.51,0.25
20.8,40,41.06,7,6.3,14.85,0.25
0,40,0,1.9,5.8,22.43,0.25
20.8,40,42.2,0,5.6,14.39,0.25
20.8,40,42.36,0,5.5,14.33,0.25
20.8,40,42.36,0,5.5,14.33,0.25
20.8,40,32.7,0,11.3,18.11,0.25
0,40,0,0,8.2,22.44,0.25
0,40,0,0,5.5,22.43,0.25
0,40,0,0,4.9,22.43,0.18
0,40,0,0,5,22.43,0.18
0,40,0,0,5.5,22.43,0.18
0,40,0,0,5.6,22.43,0.18
0,40,0,0,5.6,22.43,0.18
0,40,0,0,6.2,22.43,0.18
0,40,0,0,5.9,22.43,0.18
0,40,0,0,5.4,22.43,0.18
20.8,40,42.69,0,5.3,14.19,0.25
20.8,40,42.2,0.5,5.6,14.39,0.25
20.8,40,41.71,17.5,5.9,14.59,0.25
20.8,40,40.9,41.9,6.4,14.92,0.25
0,40,0,63.6,7,22.44,0.25
20.8,40,39.26,66.3,7.4,15.58,0.25
20.8,40,39.59,65,7.2,15.45,0.25
20.8,40,38.59,63.7,7.8,15.84,0.25
20.8,40,38.76,34.5,7.7,15.77,0.25
0,40,0,14.1,7.4,22.44,0.25
20.8,40,39.58,0,7.2,15.45,0.25
20.8,40,39.58,0,7.2,15.45,0.25
20.8,40,38.75,0,7.7,15.77,0.25
20.8,40,38.92,0,7.6,15.71,0.25
0,40,0,0,7.6,22.44,0.25
0,40,0,0,7.1,22.44,0.18
0,40,0,0,6.9,22.44,0.18
0,40,0,0,7.1,22.44,0.18
0,40,0,0,6.8,22.43,0.18
0,40,0,0,6.6,22.43,0.18
0,40,0,0,6.6,22.43,0.18
0,40,0,0,6.7,22.43,0.18
0,40,0,0,6.4,22.43,0.18
0,40,0,0,6.4,22.43,0.25
20.8,40,40.73,0,6.5,14.99,0.25
20.8,40,40.9,0.5,6.4,14.92,0.25
20.8,40,41.06,18.2,6.3,14.85,0.25
20.8,40,40.57,49.8,6.6,15.05,0.25
0,40,0,71,7.3,22.44,0.25
20.8,40,40.08,59,6.9,15.25,0.25
20.8,40,40.08,29.7,6.9,15.25,0.25
20.8,40,40.08,24.5,6.9,15.25,0.25
20.8,40,40.4,14.5,6.7,15.12,0.25
0,40,0,4,6.2,22.43,0.25
20.8,40,41.55,0,6,14.66,0.25
20.8,40,41.71,0,5.9,14.59,0.25
20.8,40,41.87,0,5.8,14.52,0.25
20.8,40,41.87,0,5.8,14.52,0.25
0,40,0,0,5.4,22.43,0.18
0,40,0,0,5,22.43,0.18
0,40,0,0,5.4,22.43,0.18
0,40,0,0,5.2,22.43,0.18
0,40,0,0,4.8,22.43,0.18
0,40,0,0,5,22.43,0.18
0,40,0,0,4.5,22.43,0.18
0,40,0,0,4.3,22.43,0.18
0,40,0,0,4.2,22.43,0.25
0,40,0,0,4.3,22.43,0.25
20.8,40,44.45,0,4.2,13.46,0.25
20.8,40,44.61,0.2,4.1,13.39,0.25
20.8,40,44.29,3.6,4.3,13.53,0.25
20.8,40,43.98,9.2,4.5,13.66,0.25
0,40,0,27.5,4.8,22.43,0.25
20.8,40,42.85,16,5.2,14.13,0.25
20.8,40,42.04,15.8,5.7,14.46,0.25
20.8,40,42.2,12.7,5.6,14.39,0.25
20.8,40,42.85,7.7,5.2,14.13,0.25
0,40,0,2.3,4.5,22.43,0.25
20.8,40,44.77,0,4,13.33,0.25
20.8,40,44.93,0,3.9,13.26,0.25
20.8,40,45.09,0,3.8,13.19,0.25
20.8,40,44.77,0,4,13.33,0.18
0,40,0,0,4.9,22.43,0.18
0,40,0,0,10.1,22.44,0.18
0,40,0,0,11,22.44,0.18
0,40,0,0,11.1,22.44,0.18
0,40,0,0,11.5,22.44,0.18
0,40,0,0,11.5,22.44,0.18
0,40,0,0,11.7,22.44,0.18
0,40,0,0,11.8,22.44,0.25
0,40,0,0,11.8,22.44,0.25
0,40,0,0,11.9,22.44,0.25
20.8,40,31.84,0,11.8,18.43,0.25
20.8,40,33.54,0.2,10.8,17.79,0.25
20.8,40,34.05,3.5,10.5,17.59,0.25
20.8,40,34.06,9.4,10.5,17.6,0.25
0,40,0,13.9,9.5,22.44,0.25
20.8,40,38.42,16.3,7.9,15.9,0.25
20.8,40,38.92,30.3,7.6,15.71,0.25
20.8,40,41.88,12.9,5.8,14.52,0.25
20.8,40,46.04,8,3.2,12.79,0.25
0,40,0,2.3,3.4,22.43,0.25
20.8,40,46.51,0,2.9,12.59,0.25
20.8,40,43.81,0,4.6,13.73,0.25
20.8,40,43.81,0,4.6,13.73,0.18
20.8,40,43.97,0,4.5,13.66,0.18
0,40,0,0,4.8,22.43,0.18
0,40,0,0,4.3,22.43,0.18
0,40,0,0,3.6,22.43,0.18
0,40,0,0,3.8,22.43,0.18
0,40,0,0,3.3,22.43,0.18
0,40,0,0,3.6,22.43,0.18
0,40,0,0,3.5,22.43,0.25
0,40,0,0,2.7,22.43,0.25
0,40,0,0,1.1,22.43,0.25
0,40,0,0,2.5,22.43,0.25
20.8,40,48.69,0,1.5,11.64,0.25
20.8,40,46.83,1.2,2.7,12.46,0.25
20.8,40,45.73,27.5,3.4,12.93,0.25
20.8,40,44.14,56.3,4.4,13.6,0.25
0,40,0,31.8,4.5,22.43,0.25
20.8,40,44.61,16.8,4.1,13.39,0.25
20.8,40,43.98,16.5,4.5,13.66,0.25
20.8,40,44.3,13.4,4.3,13.53,0.25
20.8,40,44.45,8.4,4.2,13.46,0.25
0,40,0,2.6,3.6,22.43,0.25
20.8,40,45.73,0,3.4,12.93,0.25
20.8,40,45.88,0,3.3,12.86,0.18
20.8,40,46.51,0,2.9,12.59,0.18
20.8,40,48.69,0,1.5,11.64,0.18
0,40,0,0,0.3,22.43,0.18
0,40,0,0,1.2,22.43,0.18
0,40,0,0,1.6,22.43,0.18
0,40,0,0,4,22.43,0.18
0,40,0,0,7.4,22.44,0.18
0,40,0,0,9.5,22.44,0.25
0,40,0,0,9.5,22.44,0.25
0,40,0,0,9.8,22.44,0.25
0,40,0,0,9.4,22.44,0.25
0,40,0,0,9.5,22.44,0.25
20.8,40,35.91,0,9.4,16.88,0.25
20.8,40,36.59,0.2,9,16.62,0.25
20.8,40,37.26,9,8.6,16.36,0.25
20.8,40,36.59,9.9,9,16.62,0.25
0,40,0,28.8,8.8,22.44,0.25
20.8,40,36.09,40.7,9.3,16.82,0.25
20.8,40,36.42,44.8,9.1,16.69,0.25
20.8,40,36.42,45.7,9.1,16.69,0.25
20.8,40,37.09,39.7,8.7,16.43,0.25
0,40,0,6.8,8.7,22.44,0.25
20.8,40,37.92,0.2,8.2,16.1,0.18
20.8,40,38.09,0,8.1,16.04,0.18
20.8,40,38.75,0,7.7,15.77,0.18
20.8,40,39.58,0,7.2,15.45,0.18
0,40,0,0,7.6,22.44,0.18
0,40,0,0,7.5,22.44,0.18
0,40,0,0,7.4,22.43,0.18
0,40,0,0,7.2,22.43,0.18
0,40,0,0,7.2,22.43,0.25
0,40,0,0,7.3,22.43,0.25
0,40,0,0,7.3,22.44,0.25
0,40,0,0,7.7,22.44,0.25
0,40,0,0,8,22.44,0.25
0,40,0,0,7.8,22.44,0.25
20.8,40,39.08,0,7.5,15.64,0.25
20.8,40,38.09,1.2,8.1,16.04,0.25
20.8,40,38.09,9.7,8.1,16.04,0.25
20.8,40,37.26,20.9,8.6,16.36,0.25
0,40,0,29.1,8.9,22.44,0.25
20.8,40,38.26,17,8,15.97,0.25
20.8,40,36.25,16.7,9.2,16.75,0.25
20.8,40,37.09,13.9,8.7,16.43,0.25
20.8,40,37.25,8.7,8.6,16.36,0.25
0,40,0,5.4,8.3,22.44,0.18
20.8,40,38.09,0.2,8.1,16.04,0.18
20.8,40,38.75,0,7.7,15.77,0.18
20.8,40,39.41,0,7.3,15.51,0.18
20.8,40,39.74,0,7.1,15.38,0.18
0,40,0,0,7.2,22.43,0.18
0,40,0,0,6.8,22.43,0.18
0,40,0,0,6.2,22.43,0.18
0,40,0,0,5.4,22.43,0.25
0,40,0,0,5.4,22.43,0.25
0,40,0,0,4.7,22.43,0.25
0,40,0,0,4.3,22.43,0.25
0,40,0,0,4,22.43,0.25
0,40,0,0,3.1,22.43,0.25
0,40,0,0,2.6,22.43,0.25
20.8,40,48.07,0,1.9,11.92,0.25
20.8,40,48.38,1.4,1.7,11.78,0.25
20.8,40,48.69,28.3,1.5,11.64,0.25
20.8,40,45.89,54.9,3.3,12.86,0.25
0,40,0,69.7,4.3,22.44,0.25
20.8,40,42.85,79.7,5.2,14.13,0.25
20.8,40,42.21,74,5.6,14.39,0.25
20.8,40,42.21,73,5.6,14.39,0.25
20.8,40,42.85,58.5,5.2,14.13,0.18
0,40,0,22.6,4.5,22.43,0.18
20.8,40,45.25,0.5,3.7,13.13,0.18
20.8,40,48.54,0,1.6,11.71,0.18
20.8,40,46.51,0,2.9,12.59,0.18
20.8,40,48.07,0,1.9,11.92,0.18
0,40,0,0,1.2,22.43,0.18
0,40,0,0,0.5,22.43,0.18
0,40,0,0,0.3,22.43,0.25
0,40,0,0,0,22.43,0.25
0,40,0,0,0.7,22.43,0.25
0,40,0,0,-0.2,22.43,0.25
0,40,0,0,0.7,22.43,0.25
0,40,0,0,1.8,22.43,0.25
0,40,0,0,1.6,22.43,0.25
0,40,0,0,2,22.43,0.25
20.8,40,47.92,0,2,11.98,0.25
20.8,40,47.61,0.5,2.2,12.12,0.25
20.8,40,46.36,4.5,3,12.66,0.25
20.8,40,45.57,10.7,3.5,12.99,0.25
0,40,0,15.4,2.9,22.43,0.25
20.8,40,45.88,17.7,3.3,12.86,0.25
20.8,40,45.09,33.3,3.8,13.19,0.25
20.8,40,44.3,14.6,4.3,13.53,0.18
20.8,40,43.33,9.4,4.9,13.93,0.18
0,40,0,3.3,5.1,22.43,0.18
20.8,40,42.36,0.2,5.5,14.33,0.18
20.8,40,42.04,0,5.7,14.46,0.18
20.8,40,41.55,0,6,14.66,0.18
20.8,40,41.06,0,6.3,14.85,0.18
0,40,0,0,6.5,22.43,0.18
0,40,0,0,6.4,22.43,0.25
0,40,0,0,6,22.43,0.25
0,40,0,0,5.6,22.43,0.25
0,40,0,0,5.3,22.43,0.25
0,40,0,0,5.2,22.43,0.25
0,40,0,0,5.4,22.43,0.25
0,40,0,0,5.7,22.43,0.25
0,40,0,0,6,22.43,0.25
0,40,0,0,5.7,22.43,0.25
20.8,40,41.71,0,5.9,14.59,0.25
20.8,40,42.04,0.5,5.7,14.46,0.25
20.8,40,41.87,4.7,5.8,14.52,0.25
20.8,40,41.06,11.1,6.3,14.85,0.25
0,40,0,15.8,6.8,22.43,0.25
20.8,40,39.75,36,7.1,15.38,0.25
20.8,40,39.42,33.8,7.3,15.51,0.18
20.8,40,39.42,28.9,7.3,15.51,0.18
20.8,40,39.25,18.9,7.4,15.58,0.18
0,40,0,6.8,7.1,22.43,0.18
20.8,40,39.91,0.5,7,15.31,0.18
20.8,40,40.07,0,6.9,15.25,0.18
20.8,40,39.91,0,7,15.31,0.18
20.8,40,40.07,0,6.9,15.25,0.18
0,40,0,0,6.9,22.43,0.25
0,40,0,0,6.7,22.43,0.25
0,40,0,0,6.6,22.43,0.25
0,40,0,0,6.7,22.43,0.25
0,40,0,0,6.6,22.43,0.25
0,40,0,0,6.8,22.43,0.25
0,40,0,0,6.7,22.43,0.25
0,40,0,0,6.5,22.43,0.25
0,40,0,0,6.2,22.43,0.25
0,40,0,0,6,22.43,0.25
20.8,40,41.22,0,6.2,14.79,0.25
20.8,40,41.39,0.7,6.1,14.72,0.25
20.8,40,41.22,5,6.2,14.79,0.25
20.8,40,40.9,23.4,6.4,14.92,0.25
0,40,0,31.5,7,22.44,0.25
20.8,40,39.25,35.5,7.4,15.58,0.18
20.8,40,39.08,18.1,7.5,15.64,0.18
20.8,40,38.42,29.4,7.9,15.9,0.18
20.8,40,38.59,19.4,7.8,15.84,0.18
0,40,0,7,6.9,22.43,0.18
20.8,40,41.22,0.5,6.2,14.79,0.18
20.8,40,42.04,0,5.7,14.46,0.18
20.8,40,42.52,0,5.4,14.26,0.18
20.8,40,42.2,0,5.6,14.39,0.25
0,40,0,0,5.6,22.43,0.25
0,40,0,0,5.7,22.43,0.25
0,40,0,0,5.9,22.43,0.25
0,40,0,0,6.1,22.43,0.25
0,40,0,0,6.6,22.43,0.25
0,40,0,0,6.7,22.43,0.25
0,40,0,0,6.9,22.43,0.25
0,40,0,0,6.4,22.43,0.25
0,40,0,0,6.1,22.43,0.25
0,40,0,0,5.4,22.43,0.25
20.8,40,41.22,0,6.2,14.79,0.25
20.8,40,40.4,0.7,6.7,15.12,0.25
20.8,40,39.75,12.6,7.1,15.38,0.25
20.8,40,39.09,23.6,7.5,15.64,0.25
0,40,0,32.1,7.7,22.44,0.18
20.8,40,38.92,27.6,7.6,15.71,0.18
20.8,40,39.09,18.3,7.5,15.64,0.18
20.8,40,38.76,30,7.7,15.77,0.18
20.8,40,38.59,19.9,7.8,15.84,0.18
0,40,0,7.5,7.7,22.44,0.18
20.8,40,38.75,0.5,7.7,15.77,0.18
20.8,40,38.25,0,8,15.97,0.18
20.8,40,37.76,0,8.3,16.17,0.25
20.8,40,37.92,0,8.2,16.1,0.25
0,40,0,0,8.9,22.44,0.25
0,40,0,0,8.8,22.44,0.25
0,40,0,0,9,22.44,0.25
0,40,0,0,8.8,22.44,0.25
0,40,0,0,8.8,22.44,0.25
0,40,0,0,8.7,22.44,0.25
0,40,0,0,8.7,22.44,0.25
0,40,0,0,9,22.44,0.25
0,40,0,0,8.7,22.44,0.25
0,40,0,0,8.9,22.44,0.25
20.8,40,36.92,0,8.8,16.49,0.25
20.8,40,36.92,0.7,8.8,16.49,0.25
20.8,40,36.59,5.5,9,16.62,0.25
20.8,40,36.08,24.2,9.3,16.82,0.18
0,40,0,16.5,9.6,22.44,0.18
20.8,40,34.91,37.8,10,17.27,0.18
20.8,40,35.07,27.3,9.9,17.21,0.18
20.8,40,35.24,15.7,9.8,17.14,0.18
20.8,40,35.24,45.6,9.8,17.14,0.18
0,40,0,18.6,9.8,22.44,0.18
20.8,40,34.73,0.7,10.1,17.34,0.18
20.8,40,35.24,0,9.8,17.14,0.25
20.8,40,34.9,0,10,17.27,0.25
20.8,40,36.42,0,9.1,16.69,0.25
0,40,0,0,8.1,22.44,0.25
0,40,0,0,7.8,22.44,0.25
0,40,0,0,8,22.44,0.25
0,40,0,0,7.4,22.44,0.25
0,40,0,0,7.3,22.44,0.25
0,40,0,0,7.4,22.44,0.25
0,40,0,0,7.4,22.44,0.25
0,40,0,0,7.3,22.44,0.25
0,40,0,0,7.3,22.44,0.25
0,40,0,0,8,22.44,0.25
20.8,40,45.25,0,3.7,13.13,0.25
20.8,40,41.22,1.4,6.2,14.79,0.25
20.8,40,40.57,36,6.6,15.05,0.18
20.8,40,40.74,68.7,6.5,14.99,0.18
0,40,0,37.3,6.7,22.44,0.18
20.8,40,40.08,69.6,6.9,15.25,0.18
20.8,40,40.08,82.3,6.9,15.25,0.18
20.8,40,40.9,62.4,6.4,14.92,0.18
20.8,40,41.23,48,6.2,14.79,0.18
0,40,0,19.7,6,22.44,0.18
20.8,40,41.87,1.4,5.8,14.52,0.25
20.8,40,43.81,0,4.6,13.73,0.25
20.8,40,42.69,0,5.3,14.19,0.25
20.8,40,42.69,0,5.3,14.19,0.25
0,40,0,0,4.2,22.43,0.25
0,40,0,0,3.2,22.43,0.25
0,40,0,0,3.2,22.43,0.25
0,40,0,0,3.7,22.43,0.25
0,40,0,0,3.8,22.43,0.25
0,40,0,0,3.5,22.43,0.25
0,40,0,0,4.2,22.43,0.25
0,40,0,0,4.1,22.43,0.25
0,40,0,0,4.1,22.43,0.25
0,40,0,0,4.3,22.43,0.25
20.8,40,44.29,0,4.3,13.53,0.25
20.8,40,46.51,3,2.9,12.59,0.18
20.8,40,44.77,14.2,4,13.33,0.18
20.8,40,45.25,25.7,3.7,13.13,0.18
0,40,0,34.3,4,22.43,0.18
20.8,40,42.69,38.3,5.3,14.19,0.18
20.8,40,42.85,37.2,5.2,14.13,0.18
20.8,40,44.14,32.1,4.4,13.6,0.18
20.8,40,47.76,22,2.1,12.05,0.18
0,40,0,8.9,2.7,22.43,0.25
20.8,40,46.36,0.9,3,12.66,0.25
20.8,40,46.36,0,3,12.66,0.25
20.8,40,45.57,0,3.5,12.99,0.25
20.8,40,44.93,0,3.9,13.26,0.25
0,40,0,0,4.1,22.43,0.25
0,40,0,0,2.9,22.43,0.25
0,40,0,0,2.2,22.43,0.25
0,40,0,0,2.3,22.43,0.25
0,40,0,0,4.4,22.43,0.25
0,40,0,0,3.6,22.43,0.25
0,40,0,0,3.4,22.43,0.25
0,40,0,0,2.4,22.43,0.25
0,40,0,0,0.8,22.43,0.25
0,40,0,0,1.5,22.43,0.25
20.8,40,49,0,1.3,11.51,0.18
20.8,40,47.92,3.2,2,11.98,0.18
20.8,40,46.67,14.8,2.8,12.52,0.18
20.8,40,45.26,66.3,3.7,13.13,0.18
0,40,0,17.7,0.2,22.43,0.18
20.8,40,49.91,20.3,0.7,11.1,0.18
20.8,40,49.3,37.6,1.1,11.37,0.18
20.8,40,46.99,32.6,2.6,12.39,0.18
20.8,40,49.45,22.6,1,11.3,0.25
0,40,0,15.2,2.4,22.43,0.25
20.8,40,47.61,0.9,2.2,12.12,0.25
20.8,40,49.3,0,1.1,11.37,0.25
20.8,40,48.23,0,1.8,11.85,0.25
20.8,40,50.81,0,0.1,10.69,0.25
0,40,0,0,0.6,22.43,0.25
0,40,0,0,1.9,22.43,0.25
0,40,0,0,2.2,22.43,0.25
0,40,0,0,2.1,22.43,0.25
0,40,0,0,2.4,22.43,0.25
0,40,0,0,2.2,22.43,0.25
0,40,0,0,0.8,22.43,0.25
0,40,0,0,1.9,22.43,0.25
0,40,0,0,0.9,22.43,0.25
0,40,0,0,0.9,22.43,0.18
20.8,40,49.46,0,1,11.3,0.18
20.8,40,49.46,1.8,1,11.3,0.18
20.8,40,50.67,38.4,0.2,10.76,0.18
20.8,40,48.07,26.8,1.9,11.92,0.18
0,40,0,35.6,2,22.43,0.18
20.8,40,47.76,39.6,2.1,12.05,0.18
20.8,40,46.83,54.9,2.7,12.46,0.18
20.8,40,47.61,33.2,2.2,12.12,0.25
20.8,40,47.14,37.4,2.5,12.32,0.25
0,40,0,32.7,0.9,22.43,0.25
20.8,40,50.21,1.9,0.5,10.96,0.25
20.8,40,50.82,0,0.1,10.69,0.25
20.8,40,50.52,0,0.3,10.82,0.25
20.8,40,52.3,0,-0.9,10,0.25
0,40,0,0,-0.4,22.43,0.25
0,40,0,0,-1.5,22.43,0.25
0,40,0,0,-0.6,22.43,0.25
0,40,0,0,-0.7,22.43,0.25
0,40,0,0,-2.6,22.43,0.25
0,40,0,0,-2.9,22.43,0.25
0,40,0,0,-2.9,22.43,0.25
0,40,0,0,-5.4,22.43,0.25
0,40,0,0,-4.4,22.43,0.18
0,40,0,0,-3.3,22.43,0.18
20.8,40,58.84,0,-5.7,6.56,0.18
20.8,40,55.03,4.2,-2.8,8.66,0.18
20.8,40,53.18,49,-1.5,9.58,0.18
20.8,40,53.33,75.7,-1.6,9.51,0.18
0,40,0,91.1,1.1,22.44,0.18
20.8,40,47.3,93.8,2.4,12.25,0.18
20.8,40,46.05,87.3,3.2,12.79,0.25
20.8,40,46.05,88.5,3.2,12.79,0.25
20.8,40,46.52,53.2,2.9,12.59,0.25
0,40,0,42.7,2.2,22.44,0.25
20.8,40,48.69,2.8,1.5,11.64,0.25
20.8,40,49.61,0,0.9,11.23,0.25
20.8,40,49.45,0,1,11.3,0.25
20.8,40,50.06,0,0.6,11.03,0.25
0,40,0,0,-0.2,22.43,0.25
0,40,0,0,0.5,22.43,0.25
0,40,0,0,-0.6,22.43,0.25
0,40,0,0,1,22.43,0.25
0,40,0,0,0.8,22.43,0.25
0,40,0,0,-0.4,22.43,0.25
0,40,0,0,0.2,22.43,0.25
0,40,0,0,-0.1,22.43,0.18
0,40,0,0,0.1,22.43,0.18
0,40,0,0,-0.7,22.43,0.18
20.8,40,53.03,0,-1.4,9.65,0.18
20.8,40,53.46,4.9,-1.7,9.44,0.18
20.8,40,52.45,49.3,-1,9.93,0.18
20.8,40,50.07,72.8,0.6,11.03,0.18
0,40,0,91.5,1.9,22.44,0.18
20.8,40,48.69,84,1.5,11.64,0.25
20.8,40,45.1,78.6,3.8,13.2,0.25
20.8,40,48.54,75.8,1.6,11.71,0.25
20.8,40,47.92,57,2,11.98,0.25
0,40,0,23.4,2.8,22.43,0.25
20.8,40,47.92,2.1,2,11.98,0.25
20.8,40,49.76,0,0.8,11.17,0.25
20.8,40,52.01,0,-0.7,10.13,0.25
20.8,40,50.97,0,0,10.62,0.25
0,40,0,0,-1.5,22.43,0.25
0,40,0,0,-0.2,22.43,0.25
0,40,0,0,0.6,22.43,0.25
0,40,0,0,0.6,22.43,0.25
0,40,0,0,-0.1,22.43,0.25
0,40,0,0,-0.8,22.43,0.25
0,40,0,0,-2.1,22.43,0.18
0,40,0,0,-2.1,22.43,0.18
0,40,0,0,-2.9,22.43,0.18
0,40,0,0,-3.6,22.43,0.18
20.8,40,55.58,0,-3.2,8.38,0.18
20.8,40,55.58,5.3,-3.2,8.38,0.18
20.8,40,51.71,47.6,-0.5,10.27,0.18
20.8,40,49,76.3,1.3,11.51,0.18
0,40,0,89.9,2.1,22.44,0.25
20.8,40,46.99,96.5,2.6,12.39,0.25
20.8,40,46.52,89.2,2.9,12.59,0.25
20.8,40,46.99,91,2.6,12.39,0.25
20.8,40,47.46,64.5,2.3,12.19,0.25
0,40,0,11.3,1,22.43,0.25
20.8,40,50.67,1.9,0.2,10.76,0.25
20.8,40,51.86,0,-0.6,10.2,0.25
20.8,40,52.74,0,-1.2,9.79,0.25
20.8,40,53.03,0,-1.4,9.65,0.25
0,40,0,0,-2,22.43,0.25
0,40,0,0,-2.8,22.43,0.25
0,40,0,0,-3.9,22.43,0.25
0,40,0,0,-3.8,22.43,0.25
0,40,0,0,-4.3,22.43,0.25
0,40,0,0,-4.6,22.43,0.18
0,40,0,0,-4.7,22.43,0.18
0,40,0,0,-5.3,22.43,0.18
0,40,0,0,-5.2,22.43,0.18
0,40,0,0,-5,22.43,0.18
20.8,40,58.09,0,-5.1,7,0.18
20.8,40,57.06,5.3,-4.3,7.59,0.18
20.8,40,54.61,49,-2.5,8.88,0.18
20.8,40,52.6,79.4,-1.1,9.86,0.25
0,40,0,94.9,0.4,22.44,0.25
20.8,40,49.46,97.8,1,11.3,0.25
20.8,40,49.16,90.6,1.2,11.44,0.25
20.8,40,49.31,92.6,1.1,11.37,0.25
20.8,40,49.46,82.2,1,11.3,0.25
0,40,0,51.3,0,22.44,0.25
20.8,40,52.59,3.7,-1.1,9.86,0.25
20.8,40,54.46,0,-2.4,8.95,0.25
20.8,40,54.32,0,-2.3,9.02,0.25
20.8,40,53.75,0,-1.9,9.3,0.25
0,40,0,0,-3.2,22.43,0.25
0,40,0,0,-3.9,22.43,0.25
0,40,0,0,-4.1,22.43,0.25
0,40,0,0,-4.5,22.43,0.25
0,40,0,0,-5.6,22.43,0.18
0,40,0,0,-5.4,22.43,0.18
0,40,0,0,-6,22.43,0.18
0,40,0,0,-6.2,22.43,0.18
0,40,0,0,-7,22.43,0.18
0,40,0,0,-6.4,22.43,0.18
20.8,40,59.87,0,-6.6,5.87,0.18
20.8,40,59.65,8.3,-6.4,6.03,0.18
20.8,40,55.99,51.6,-3.5,8.17,0.25
20.8,40,54.19,82.8,-2.2,9.09,0.25
0,40,0,98.5,-0.9,22.44,0.25
20.8,40,51.12,100.7,-0.1,10.55,0.25
20.8,40,49.77,93.3,0.8,11.17,0.25
20.8,40,48.54,95.8,1.6,11.71,0.25
20.8,40,49.92,83.8,0.7,11.1,0.25
0,40,0,54.3,0.2,22.44,0.25
20.8,40,52.89,4.2,-1.3,9.72,0.25
20.8,40,53.89,0,-2,9.23,0.25
20.8,40,54.04,0,-2.1,9.16,0.25
20.8,40,55.3,0,-3,8.52,0.25
0,40,0,0,-3.4,22.43,0.25
0,40,0,0,-3.2,22.43,0.25
0,40,0,0,-4.1,22.43,0.25
0,40,0,0,-4.8,22.43,0.18
0,40,0,0,-5.7,22.43,0.18
0,40,0,0,-6.3,22.43,0.18
0,40,0,0,-5.8,22.43,0.18
0,40,0,0,-7.1,22.43,0.18
0,40,0,0,-7.9,22.43,0.18
0,40,0,0,-8.4,22.43,0.18
20.8,40,60.75,0,-7.5,5.16,0.18
20.8,40,58.22,10,-5.2,6.93,0.25
20.8,40,55.03,52.4,-2.8,8.66,0.25
20.8,40,52.6,83.4,-1.1,9.86,0.25
0,40,0,98.8,-0.2,22.44,0.25
20.8,40,48.85,99.5,1.4,11.58,0.25
20.8,40,46.83,89,2.7,12.46,0.25
20.8,40,48.38,40.4,1.7,11.78,0.25
20.8,40,48.69,26.9,1.5,11.64,0.25
0,40,0,13,2,22.43,0.25
20.8,40,47.92,1.2,2,11.98,0.25
20.8,40,48.38,0,1.7,11.78,0.25
20.8,40,49,0,1.3,11.51,0.25
20.8,40,49.91,0,0.7,11.1,0.25
0,40,0,0,0.6,22.43,0.25
0,40,0,0,0.6,22.43,0.25
0,40,0,0,0.7,22.43,0.18
0,40,0,0,1,22.43,0.18
0,40,0,0,1,22.43,0.18
0,40,0,0,1.1,22.43,0.18
0,40,0,0,1,22.43,0.18
0,40,0,0,1.1,22.43,0.18
0,40,0,0,1.3,22.43,0.18
0,40,0,0,1.1,22.43,0.18
20.8,40,49.61,0,0.9,11.24,0.25
20.8,40,49.15,1.9,1.2,11.44,0.25
20.8,40,48.69,8.4,1.5,11.64,0.25
20.8,40,48.69,15.2,1.5,11.64,0.25
0,40,0,20.3,1.7,22.43,0.25
20.8,40,47.3,22.8,2.4,12.25,0.25
20.8,40,46.04,43.1,3.2,12.79,0.25
20.8,40,44.62,19.5,4.1,13.39,0.25
20.8,40,44.77,14.1,4,13.33,0.25
0,40,0,7,3.7,22.43,0.25
20.8,40,46.04,1.2,3.2,12.79,0.25
20.8,40,45.88,0,3.3,12.86,0.25
20.8,40,45.88,0,3.3,12.86,0.25
20.8,40,46.04,0,3.2,12.79,0.25
0,40,0,0,4,22.43,0.25
0,40,0,0,4.5,22.43,0.18
0,40,0,0,5.1,22.43,0.18
0,40,0,0,5.1,22.43,0.18
0,40,0,0,5.5,22.43,0.18
0,40,0,0,5.9,22.43,0.18
0,40,0,0,6,22.43,0.18
0,40,0,0,6.2,22.43,0.18
0,40,0,0,6.3,22.43,0.18
0,40,0,0,6.6,22.43,0.25
20.8,40,41.06,0,6.3,14.85,0.25
20.8,40,41.06,13.2,6.3,14.85,0.25
20.8,40,40.9,19,6.4,14.92,0.25
20.8,40,40.9,73.6,6.4,14.92,0.25
0,40,0,97,6.7,22.44,0.25
20.8,40,40.74,101.2,6.5,14.99,0.25
20.8,40,40.74,93.1,6.5,14.99,0.25
20.8,40,40.9,93.7,6.4,14.92,0.25
20.8,40,41.56,80.3,6,14.66,0.25
0,40,0,51.3,5.9,22.44,0.25
20.8,40,42.36,5.1,5.5,14.33,0.25
20.8,40,41.71,0,5.9,14.59,0.25
20.8,40,41.22,0,6.2,14.79,0.25
20.8,40,41.55,0,6,14.66,0.25
0,40,0,0,6.1,22.43,0.18
0,40,0,0,5.7,22.43,0.18
0,40,0,0,5.7,22.43,0.18
0,40,0,0,5.4,22.43,0.18
0,40,0,0,5.4,22.43,0.18
0,40,0,0,1.5,22.43,0.18
0,40,0,0,2.8,22.43,0.18
0,40,0,0,2.9,22.43,0.18
0,40,0,0,1.7,22.43,0.25
0,40,0,0,0.4,22.43,0.25
20.8,40,49.91,0,0.7,11.1,0.25
20.8,40,49.76,13.9,0.8,11.17,0.25
20.8,40,48.23,54.3,1.8,11.85,0.25
20.8,40,46.99,81.3,2.6,12.39,0.25
0,40,0,96.2,3,22.44,0.25
20.8,40,48.54,91.5,1.6,11.71,0.25
20.8,40,45.41,77,3.6,13.06,0.25
20.8,40,45.89,73.7,3.3,12.86,0.25
20.8,40,44.94,82.1,3.9,13.26,0.25
0,40,0,36.1,3.6,22.43,0.25
20.8,40,46.04,4.4,3.2,12.79,0.25
20.8,40,48.23,0,1.8,11.85,0.25
20.8,40,46.67,0,2.8,12.52,0.25
20.8,40,46.2,0,3.1,12.72,0.18
0,40,0,0,3,22.43,0.18
0,40,0,0,3.2,22.43,0.18
0,40,0,0,3.3,22.43,0.18
0,40,0,0,2.9,22.43,0.18
0,40,0,0,2.4,22.43,0.18
0,40,0,0,1.5,22.43,0.18
0,40,0,0,1.9,22.43,0.18
0,40,0,0,1.9,22.43,0.25
0,40,0,0,1.8,22.43,0.25
0,40,0,0,2.1,22.43,0.25
20.8,40,47.76,0,2.1,12.05,0.25
20.8,40,47.3,2.1,2.4,12.25,0.25
20.8,40,46.36,9.3,3,12.66,0.25
20.8,40,44.78,32.4,4,13.33,0.25
0,40,0,41.5,4.8,22.44,0.25
20.8,40,42.53,45.5,5.4,14.26,0.25
20.8,40,42.85,45.1,5.2,14.13,0.25
20.8,40,42.85,20.5,5.2,14.13,0.25
20.8,40,42.2,15,5.6,14.39,0.25
0,40,0,7.7,5.6,22.43,0.25
20.8,40,42.52,1.6,5.4,14.26,0.25
20.8,40,43.01,0,5.1,14.06,0.25
20.8,40,42.69,0,5.3,14.19,0.18
20.8,40,41.55,0,6,14.66,0.18
0,40,0,0,7.5,22.43,0.18
0,40,0,0,7.6,22.43,0.18
0,40,0,0,7.5,22.43,0.18
0,40,0,0,7.5,22.43,0.18
0,40,0,0,7.7,22.43,0.18
0,40,0,0,7.6,22.43,0.18
0,40,0,0,7.7,22.43,0.25
0,40,0,0,7.5,22.43,0.25
0,40,0,0,7.7,22.43,0.25
0,40,0,0,8.2,22.44,0.25
20.8,40,37.92,0,8.2,16.1,0.25
20.8,40,37.92,2.5,8.2,16.1,0.25
20.8,40,37.09,9.3,8.7,16.43,0.25
20.8,40,36.59,16.4,9,16.62,0.25
0,40,0,21.5,9,22.44,0.25
20.8,40,36.59,24,9,16.62,0.25
20.8,40,36.42,23.7,9.1,16.69,0.25
20.8,40,35.91,20.7,9.4,16.88,0.25
20.8,40,36.08,15,9.3,16.82,0.25
0,40,0,7.9,9.1,22.44,0.25
20.8,40,36.75,1.6,8.9,16.56,0.25
20.8,40,37.59,0,8.4,16.23,0.18
20.8,40,38.42,0,7.9,15.9,0.18
20.8,40,39.08,0,7.5,15.64,0.18
0,40,0,0,6.2,22.43,0.18
0,40,0,0,4.5,22.43,0.18
0,40,0,0,4.1,22.43,0.18
0,40,0,0,4.9,22.43,0.18
0,40,0,0,4.2,22.43,0.18
0,40,0,0,4.3,22.43,0.25
0,40,0,0,4.5,22.43,0.25
0,40,0,0,4.9,22.43,0.25
0,40,0,0,4.7,22.43,0.25
0,40,0,0,4.9,22.43,0.25
20.8,40,46.04,0,3.2,12.79,0.25
20.8,40,43.66,18.4,4.7,13.79,0.25
20.8,40,41.22,20.9,6.2,14.79,0.25
20.8,40,39.91,33.5,7,15.32,0.25
0,40,0,42.7,7.7,22.44,0.25
20.8,40,39.75,46.7,7.1,15.38,0.25
20.8,40,39.58,46.3,7.2,15.45,0.25
20.8,40,39.58,40.7,7.2,15.45,0.25
20.8,40,40.08,30.2,6.9,15.25,0.25
0,40,0,15.9,6.3,22.44,0.25
20.8,40,42.2,3.3,5.6,14.39,0.18
20.8,40,42.52,0,5.4,14.26,0.18
20.8,40,42.36,0,5.5,14.33,0.18
20.8,40,42.69,0,5.3,14.19,0.18
0,40,0,0,5.4,22.43,0.18
0,40,0,0,5.7,22.43,0.18
0,40,0,0,5.9,22.43,0.18
0,40,0,0,5.9,22.43,0.18
0,40,0,0,6.1,22.43,0.25
0,40,0,0,5.9,22.43,0.25
0,40,0,0,5.9,22.43,0.25
0,40,0,0,5.8,22.43,0.25
0,40,0,0,5.9,22.43,0.25
0,40,0,0,6,22.43,0.25
20.8,40,41.55,0,6,14.66,0.25
20.8,40,41.22,2.7,6.2,14.79,0.25
20.8,40,41.06,10,6.3,14.85,0.25
20.8,40,41.88,17.1,5.8,14.52,0.25
0,40,0,22.5,5.4,22.43,0.25
20.8,40,42.53,25,5.4,14.26,0.25
20.8,40,39.75,46.7,7.1,15.38,0.25
20.8,40,40.08,41,6.9,15.25,0.25
20.8,40,39.42,30.7,7.3,15.51,0.25
0,40,0,16.4,7.1,22.44,0.18
20.8,40,40.57,13.2,6.6,15.05,0.18
20.8,40,41.87,0,5.8,14.52,0.18
20.8,40,40.9,0,6.4,14.92,0.18
20.8,40,44.61,0,4.1,13.39,0.18
0,40,0,0,5,22.43,0.18
0,40,0,0,5,22.43,0.18
0,40,0,0,5,22.43,0.18
0,40,0,0,4.5,22.43,0.25
0,40,0,0,4.5,22.43,0.25
0,40,0,0,3.9,22.43,0.25
0,40,0,0,3,22.43,0.25
0,40,0,0,2.8,22.43,0.25
0,40,0,0,3.3,22.43,0.25
0,40,0,0,3.7,22.43,0.25
20.8,40,45.25,0,3.7,13.13,0.25
20.8,40,44.77,11.5,4,13.33,0.25
20.8,40,47.76,22,2.1,12.05,0.25
20.8,40,44.78,34.9,4,13.33,0.25
0,40,0,44.1,3.5,22.43,0.25
20.8,40,46.2,48.3,3.1,12.73,0.25
20.8,40,43.82,65.9,4.6,13.73,0.25
20.8,40,42.69,78.4,5.3,14.19,0.25
20.8,40,44.62,47.7,4.1,13.4,0.18
0,40,0,17.1,3.8,22.43,0.18
20.8,40,45.88,3.7,3.3,12.86,0.18
20.8,40,46.2,0,3.1,12.72,0.18
20.8,40,45.25,0,3.7,13.13,0.18
20.8,40,43.97,0,4.5,13.66,0.18
0,40,0,0,3.3,22.43,0.18
0,40,0,0,3.1,22.43,0.18
0,40,0,0,3.5,22.43,0.25
0,40,0,0,1.8,22.43,0.25
0,40,0,0,3.1,22.43,0.25
0,40,0,0,4.2,22.43,0.25
0,40,0,0,3.3,22.43,0.25
0,40,0,0,2.8,22.43,0.25
0,40,0,0,4,22.43,0.25
0,40,0,0,3.5,22.43,0.25
20.8,40,46.36,0.2,3,12.66,0.25
20.8,40,46.2,7.7,3.1,12.72,0.25
20.8,40,43.33,37.2,4.9,13.93,0.25
20.8,40,41.39,69.5,6.1,14.72,0.25
0,40,0,93.7,6.3,22.44,0.25
20.8,40,40.9,97.2,6.4,14.92,0.25
20.8,40,42.53,66.7,5.4,14.26,0.25
20.8,40,41.23,79.4,6.2,14.79,0.18
20.8,40,41.23,79,6.2,14.79,0.18
0,40,0,41.8,5.6,22.44,0.18
20.8,40,42.85,4,5.2,14.13,0.18
20.8,40,44.45,0,4.2,13.46,0.18
20.8,40,43.97,0,4.5,13.66,0.18
20.8,40,44.13,0,4.4,13.59,0.18
0,40,0,0,3.6,22.43,0.18
0,40,0,0,3.9,22.43,0.25
0,40,0,0,3.5,22.43,0.25
0,40,0,0,2.3,22.43,0.25
0,40,0,0,1.9,22.43,0.25
0,40,0,0,0.6,22.43,0.25
0,40,0,0,0.4,22.43,0.25
0,40,0,0,0.6,22.43,0.25
0,40,0,0,0.3,22.43,0.25
0,40,0,0,0.9,22.43,0.25
20.8,40,48.54,0.2,1.6,11.71,0.25
20.8,40,48.23,8.3,1.8,11.85,0.25
20.8,40,45.41,46.9,3.6,13.06,0.25
20.8,40,43.98,87.1,4.5,13.66,0.25
0,40,0,103.2,6,22.44,0.25
20.8,40,42.85,87.9,5.2,14.13,0.25
20.8,40,42.53,92.9,5.4,14.26,0.18
20.8,40,42.04,90.5,5.7,14.46,0.18
20.8,40,44.3,67.9,4.3,13.53,0.18
0,40,0,39.3,4.5,22.44,0.18
20.8,40,43.81,7.7,4.6,13.73,0.18
20.8,40,45.73,0,3.4,12.93,0.18
20.8,40,49,0,1.3,11.51,0.18
20.8,40,49,0,1.3,11.51,0.18
0,40,0,0,0.9,22.43,0.25
0,40,0,0,0.9,22.43,0.25
0,40,0,0,-0.1,22.43,0.25
0,40,0,0,-0.1,22.43,0.25
0,40,0,0,-0.3,22.43,0.25
0,40,0,0,-0.6,22.43,0.25
0,40,0,0,-0.6,22.43,0.25
0,40,0,0,-0.9,22.43,0.25
0,40,0,0,-0.4,22.43,0.25
0,40,0,0,-0.1,22.43,0.25
20.8,40,49.3,0.5,1.1,11.37,0.25
20.8,40,48.69,11.7,1.5,11.64,0.25
20.8,40,47.45,23.8,2.3,12.19,0.25
20.8,40,46.36,37,3,12.66,0.25
0,40,0,46.2,4.1,22.44,0.25
20.8,40,41.72,49.9,5.9,14.59,0.18
20.8,40,42.37,49.5,5.5,14.33,0.18
20.8,40,42.04,22.8,5.7,14.46,0.18
20.8,40,42.69,17.1,5.3,14.19,0.18
0,40,0,9.8,5.3,22.43,0.18
20.8,40,42.69,2.3,5.3,14.19,0.18
20.8,40,42.52,0,5.4,14.26,0.18
20.8,40,42.36,0,5.5,14.33,0.18
20.8,40,42.04,0,5.7,14.46,0.25
0,40,0,0,6,22.43,0.25
0,40,0,0,6.1,22.43,0.25
0,40,0,0,5.9,22.43,0.25
0,40,0,0,5.7,22.43,0.25
0,40,0,0,6.2,22.43,0.25
0,40,0,0,6.5,22.43,0.25
0,40,0,0,6.8,22.43,0.25
0,40,0,0,7,22.43,0.25
0,40,0,0,7.1,22.44,0.25
0,40,0,0,7.2,22.43,0.25
20.8,40,39.25,0.2,7.4,15.58,0.25
20.8,40,38.75,3.9,7.7,15.77,0.25
20.8,40,38.59,11.7,7.8,15.84,0.25
20.8,40,38.26,18.7,8,15.97,0.25
0,40,0,24.1,7.8,22.44,0.18
20.8,40,37.76,26.6,8.3,16.17,0.18
20.8,40,38.42,26.3,7.9,15.9,0.18
20.8,40,38.76,23.1,7.7,15.77,0.18
20.8,40,37.92,17.4,8.2,16.1,0.18
0,40,0,10.1,7.8,22.44,0.18
20.8,40,38.75,2.6,7.7,15.77,0.18
20.8,40,38.75,0,7.7,15.77,0.18
20.8,40,39.08,0,7.5,15.64,0.25
20.8,40,39.08,0,7.5,15.64,0.25
0,40,0,0,7.4,22.43,0.25
0,40,0,0,7.1,22.43,0.25
0,40,0,0,5.6,22.43,0.25
0,40,0,0,5.5,22.43,0.25
0,40,0,0,5.4,22.43,0.25
0,40,0,0,5.5,22.43,0.25
0,40,0,0,5.6,22.43,0.25
0,40,0,0,5.4,22.43,0.25
0,40,0,0,5.2,22.43,0.25
0,40,0,0,5.1,22.43,0.25
20.8,40,43.01,0.2,5.1,14.06,0.25
20.8,40,42.85,4.1,5.2,14.13,0.25
20.8,40,42.36,11.9,5.5,14.33,0.25
20.8,40,41.55,19.2,6,14.66,0.18
0,40,0,24.3,6.2,22.44,0.18
20.8,40,40.73,27.1,6.5,14.99,0.18
20.8,40,40.08,26.5,6.9,15.25,0.18
20.8,40,39.91,23.5,7,15.31,0.18
20.8,40,39.25,17.6,7.4,15.58,0.18
0,40,0,10.3,7.6,22.44,0.18
20.8,40,39.08,5.1,7.5,15.64,0.18
20.8,40,39.58,0,7.2,15.45,0.25
20.8,40,40.4,0,6.7,15.12,0.25
20.8,40,41.22,0,6.2,14.79,0.25
0,40,0,0,6,22.43,0.25
0,40,0,0,5.9,22.43,0.25
0,40,0,0,5.9,22.43,0.25
0,40,0,0,6,22.43,0.25
0,40,0,0,5.7,22.43,0.25
0,40,0,0,6,22.43,0.25
0,40,0,0,5.8,22.43,0.25
0,40,0,0,5.6,22.43,0.25
0,40,0,0,5.6,22.43,0.25
0,40,0,0,5.2,22.43,0.25
20.8,40,42.85,1.2,5.2,14.13,0.25
20.8,40,41.71,29.9,5.9,14.59,0.25
20.8,40,39.92,60.4,7,15.32,0.18
20.8,40,38.6,91.4,7.8,15.84,0.18
0,40,0,111.2,8.6,22.44,0.18
20.8,40,36.59,109.2,9,16.62,0.18
20.8,40,36.42,51.1,9.1,16.69,0.18
20.8,40,35.25,89.8,9.8,17.14,0.18
20.8,40,35.08,96.2,9.9,17.21,0.18
0,40,0,70.4,9.4,22.44,0.18
20.8,40,36.92,13.6,8.8,16.49,0.25
20.8,40,37.42,0,8.5,16.3,0.25
20.8,40,37.26,0,8.6,16.36,0.25
20.8,40,37.09,0,8.7,16.43,0.25
0,40,0,0,8.8,22.44,0.25
0,40,0,0,8.9,22.44,0.25
0,40,0,0,9.2,22.44,0.25
0,40,0,0,9.5,22.44,0.25
0,40,0,0,9.8,22.44,0.25
0,40,0,0,10,22.44,0.25
0,40,0,0,10.1,22.44,0.25
0,40,0,0,10.1,22.44,0.25
0,40,0,0,10.1,22.44,0.25
0,40,0,0,9.6,22.44,0.25
20.8,40,35.41,0.2,9.7,17.08,0.25
20.8,40,35.58,11.1,9.6,17.01,0.18
20.8,40,34.91,40.9,10,17.27,0.18
20.8,40,34.4,86.8,10.3,17.47,0.18
0,40,0,112.1,10.7,22.44,0.18
20.8,40,32.36,111.7,11.5,18.24,0.18
20.8,40,33.04,50.7,11.1,17.98,0.18
20.8,40,33.72,23.9,10.7,17.72,0.18
20.8,40,36.76,36.9,8.9,16.56,0.18
0,40,0,20.6,8,22.44,0.25
20.8,40,39.75,5.7,7.1,15.38,0.25
20.8,40,40.73,0,6.5,14.99,0.25
20.8,40,41.06,0,6.3,14.85,0.25
20.8,40,41.55,0,6,14.66,0.25
0,40,0,0,5.9,22.43,0.25
0,40,0,0,5.8,22.43,0.25
0,40,0,0,6,22.43,0.25
0,40,0,0,5.1,22.43,0.25
0,40,0,0,5,22.43,0.25
0,40,0,0,5.3,22.43,0.25
0,40,0,0,5,22.43,0.25
0,40,0,0,4.2,22.43,0.25
0,40,0,0,3.9,22.43,0.25
0,40,0,0,4.3,22.43,0.25
20.8,40,43.97,1.6,4.5,13.66,0.18
20.8,40,42.69,35.1,5.3,14.19,0.18
20.8,40,41.23,71.8,6.2,14.79,0.18
20.8,40,39.75,100.2,7.1,15.38,0.18
0,40,0,113.9,7.6,22.44,0.18
20.8,40,38.43,115.3,7.9,15.91,0.18
20.8,40,38.26,108,8,15.97,0.18
20.8,40,37.93,110.8,8.2,16.1,0.18
20.8,40,37.93,100.1,8.2,16.1,0.25
0,40,0,66.6,7.7,22.44,0.25
20.8,40,39.91,6.2,7,15.31,0.25
20.8,40,40.9,0.5,6.4,14.92,0.25
20.8,40,42.52,0,5.4,14.26,0.25
20.8,40,43.17,0,5,13.99,0.25
0,40,0,0,7.3,22.44,0.25
0,40,0,0,6.9,22.43,0.25
0,40,0,0,6.5,22.43,0.25
0,40,0,0,6.5,22.43,0.25
0,40,0,0,6.9,22.44,0.25
0,40,0,0,6.8,22.43,0.25
0,40,0,0,6.9,22.44,0.25
0,40,0,0,7.4,22.44,0.25
0,40,0,0,7.9,22.44,0.25
0,40,0,0,9.1,22.44,0.18
20.8,40,34.9,0.5,10,17.27,0.18
20.8,40,37.92,5.2,8.2,16.1,0.18
20.8,40,39.09,13.1,7.5,15.64,0.18
20.8,40,39.42,20.3,7.3,15.51,0.18
0,40,0,25.6,7.7,22.44,0.18
20.8,40,37.59,28.1,8.4,16.23,0.18
20.8,40,36.76,27.8,8.9,16.56,0.18
20.8,40,37.43,47.9,8.5,16.3,0.25
20.8,40,36.59,36.5,9,16.62,0.25
0,40,0,21.5,8.6,22.44,0.25
20.8,40,37.26,6.7,8.6,16.36,0.25
20.8,40,37.26,0.2,8.6,16.36,0.25
20.8,40,38.75,0,7.7,15.77,0.25
20.8,40,39.75,0,7.1,15.38,0.25
0,40,0,0,6.8,22.43,0.25
0,40,0,0,6.4,22.43,0.25
0,40,0,0,7,22.44,0.25
0,40,0,0,6.5,22.43,0.25
0,40,0,0,6.3,22.43,0.25
0,40,0,0,6.1,22.43,0.25
0,40,0,0,5.7,22.43,0.25
0,40,0,0,5.7,22.43,0.25
0,40,0,0,5.8,22.43,0.18
0,40,0,0,5.9,22.43,0.18
20.8,40,41.39,0.5,6.1,14.72,0.18
20.8,40,42.04,13.2,5.7,14.46,0.18
20.8,40,41.88,13.6,5.8,14.52,0.18
20.8,40,42.53,20.8,5.4,14.26,0.18
0,40,0,26.1,5,22.43,0.18
20.8,40,42.85,28.5,5.2,14.13,0.18
20.8,40,42.04,28,5.7,14.46,0.25
20.8,40,41.22,24.8,6.2,14.79,0.25
20.8,40,40.9,19.2,6.4,14.92,0.25
0,40,0,22.2,6.4,22.44,0.25
20.8,40,41.55,7.1,6,14.66,0.25
20.8,40,43.17,0.2,5,13.99,0.25
20.8,40,44.77,0,4,13.33,0.25
20.8,40,46.83,0,2.7,12.46,0.25
0,40,0,0,2.8,22.43,0.25
0,40,0,0,2.4,22.43,0.25
0,40,0,0,2.8,22.43,0.25
0,40,0,0,3,22.43,0.25
0,40,0,0,3.4,22.43,0.25
0,40,0,0,2.3,22.43,0.25
0,40,0,0,2.1,22.43,0.25
0,40,0,0,2.8,22.43,0.18
0,40,0,0,4.3,22.43,0.18
0,40,0,0,4.6,22.43,0.18
20.8,40,44.29,2.3,4.3,13.53,0.18
20.8,40,43.01,40.5,5.1,14.06,0.18
20.8,40,41.07,75.6,6.3,14.86,0.18
20.8,40,40.74,89.3,6.5,14.99,0.18
0,40,0,111.6,7,22.44,0.18
20.8,40,40.9,118.4,6.4,14.92,0.25
20.8,40,39.92,104.2,7,15.32,0.25
20.8,40,40.74,87.7,6.5,14.99,0.25
20.8,40,40.25,85.7,6.8,15.18,0.25
0,40,0,73.1,6.1,22.44,0.25
20.8,40,42.85,29.4,5.2,14.13,0.25
20.8,40,45.41,0.9,3.6,13.06,0.25
20.8,40,46.51,0,2.9,12.59,0.25
20.8,40,47.61,0,2.2,12.12,0.25
0,40,0,0,1.6,22.43,0.25
0,40,0,0,0,22.43,0.25
0,40,0,0,-0.3,22.43,0.25
0,40,0,0,0.1,22.43,0.25
0,40,0,0,-0.7,22.43,0.25
0,40,0,0,-1.5,22.43,0.25
0,40,0,0,-2,22.43,0.18
0,40,0,0,-2.5,22.43,0.18
0,40,0,0,-1.9,22.43,0.18
0,40,0,0,-1.8,22.43,0.18
20.8,40,53.32,2.7,-1.6,9.51,0.18
20.8,40,52.3,48.4,-0.9,10,0.18
20.8,40,50.07,76.8,0.6,11.03,0.18
20.8,40,46.68,103.2,2.8,12.52,0.18
0,40,0,117.1,5.1,22.44,0.25
20.8,40,40.9,118.6,6.4,14.92,0.25
20.8,40,40.41,108.1,6.7,15.12,0.25
20.8,40,39.59,100.8,7.2,15.45,0.25
20.8,40,39.92,76.2,7,15.32,0.25
0,40,0,37,7.1,22.44,0.25
20.8,40,41.55,7.8,6,14.66,0.25
20.8,40,44.13,0.7,4.4,13.59,0.25
20.8,40,45.41,0,3.6,13.06,0.25
20.8,40,46.04,0,3.2,12.79,0.25
0,40,0,0,2.4,22.43,0.25
0,40,0,0,2.1,22.43,0.25
0,40,0,0,1.3,22.43,0.25
0,40,0,0,1.1,22.43,0.25
0,40,0,0,0.2,22.43,0.25
0,40,0,0,-0.7,22.43,0.18
0,40,0,0,0.6,22.43,0.18
0,40,0,0,-0.8,22.43,0.18
0,40,0,0,-1.5,22.43,0.18
0,40,0,0,-1.9,22.43,0.18
20.8,40,53.61,3.2,-1.8,9.37,0.18
20.8,40,51.57,43.8,-0.4,10.34,0.18
20.8,40,49.16,78.9,1.2,11.44,0.18
20.8,40,46.68,105.5,2.8,12.52,0.25
0,40,0,120.7,3.8,22.44,0.25
20.8,40,44.14,122,4.4,13.6,0.25
20.8,40,43.18,114.3,5,14,0.25
20.8,40,43.18,115.5,5,14,0.25
20.8,40,42.37,60.2,5.5,14.33,0.25
0,40,0,37.5,5.3,22.44,0.25
20.8,40,43.17,31.7,5,13.99,0.25
20.8,40,45.73,1.1,3.4,12.93,0.25
20.8,40,48.07,0,1.9,11.92,0.25
20.8,40,48.69,0,1.5,11.64,0.25
0,40,0,0,1.2,22.43,0.25
0,40,0,0,1.1,22.43,0.25
0,40,0,0,0.9,22.43,0.25
0,40,0,0,-0.2,22.43,0.25
0,40,0,0,-0.7,22.43,0.18
0,40,0,0,-1.9,22.43,0.18
0,40,0,0,-2.1,22.43,0.18
0,40,0,0,-2.5,22.43,0.18
0,40,0,0,-2.5,22.43,0.18
0,40,0,0,-2.3,22.43,0.18
20.8,40,54.89,3.4,-2.7,8.73,0.18
20.8,40,50.97,44.6,0,10.62,0.18
20.8,40,48.08,79.8,1.9,11.92,0.25
20.8,40,45.42,107.9,3.6,13.06,0.25
0,40,0,121.1,5.7,22.44,0.25
20.8,40,40.08,120.8,6.9,15.25,0.25
20.8,40,38.76,115.8,7.7,15.78,0.25
20.8,40,39.92,118.6,7,15.32,0.25
20.8,40,39.59,108.1,7.2,15.45,0.25
0,40,0,81.8,6.5,22.44,0.25
20.8,40,42.53,35.9,5.4,14.26,0.25
20.8,40,46.36,1.4,3,12.66,0.25
20.8,40,47.76,0,2.1,12.05,0.25
20.8,40,47.92,0,2,11.98,0.25
0,40,0,0,1,22.43,0.25
0,40,0,0,-0.2,22.43,0.25
0,40,0,0,-0.7,22.43,0.25
0,40,0,0,-0.8,22.43,0.18
0,40,0,0,-0.9,22.43,0.18
0,40,0,0,0.4,22.43,0.18
0,40,0,0,-0.4,22.43,0.18
0,40,0,0,0,22.43,0.18
0,40,0,0,-0.7,22.43,0.18
0,40,0,0,0.3,22.43,0.18
20.8,40,51.71,1.8,-0.5,10.27,0.18
20.8,40,49.46,16,1,11.3,0.25
20.8,40,47.61,31.2,2.2,12.12,0.25
20.8,40,44.78,65.1,4,13.33,0.25
0,40,0,77.8,6,22.44,0.25
20.8,40,39.59,99.8,7.2,15.45,0.25
20.8,40,39.92,105.2,7,15.32,0.25
20.8,40,39.59,92.3,7.2,15.45,0.25
20.8,40,43.65,20.9,4.7,13.79,0.25
0,40,0,12.9,5.1,22.43,0.25
20.8,40,43.01,4.8,5.1,14.06,0.25
20.8,40,43.65,0.5,4.7,13.79,0.25
20.8,40,46.04,0,3.2,12.79,0.25
20.8,40,46.67,0,2.8,12.52,0.25
0,40,0,0,2.7,22.43,0.25
0,40,0,0,2.6,22.43,0.25
0,40,0,0,2.6,22.43,0.18
0,40,0,0,2.6,22.43,0.18
0,40,0,0,2.9,22.43,0.18
0,40,0,0,3.5,22.43,0.18
0,40,0,0,3.7,22.43,0.18
0,40,0,0,4.1,22.43,0.18
0,40,0,0,3.9,22.43,0.18
0,40,0,0,4.1,22.43,0.18
20.8,40,44.29,1.1,4.3,13.53,0.25
20.8,40,44.77,7.3,4,13.33,0.25
20.8,40,43.65,15.7,4.7,13.79,0.25
20.8,40,43.17,23.1,5,13.99,0.25
0,40,0,28.2,5.6,22.44,0.25
20.8,40,40.9,30.6,6.4,14.92,0.25
20.8,40,39.25,30.1,7.4,15.58,0.25
20.8,40,38.76,26.9,7.7,15.77,0.25
20.8,40,36.25,20.9,9.2,16.75,0.25
0,40,0,25.7,7.9,22.44,0.25
20.8,40,37.42,9.4,8.5,16.3,0.25
20.8,40,37.59,0.9,8.4,16.23,0.25
20.8,40,38.42,0,7.9,15.9,0.25
20.8,40,40.24,0,6.8,15.18,0.25
0,40,0,0,6,22.43,0.25
0,40,0,0,5.1,22.43,0.18
0,40,0,0,5,22.43,0.18
0,40,0,0,5.3,22.43,0.18
0,40,0,0,4.9,22.43,0.18
0,40,0,0,4.9,22.43,0.18
0,40,0,0,4.7,22.43,0.18
0,40,0,0,4.5,22.43,0.18
0,40,0,0,4.3,22.43,0.18
0,40,0,0,4.3,22.43,0.25
20.8,40,44.93,4.3,3.9,13.26,0.25
20.8,40,44.3,47,4.3,13.53,0.25
20.8,40,43.5,78.6,4.8,13.86,0.25
20.8,40,43.01,47.9,5.1,14.06,0.25
0,40,0,95.2,5.4,22.44,0.25
20.8,40,41.88,58.9,5.8,14.52,0.25
20.8,40,42.2,57.5,5.6,14.39,0.25
20.8,40,41.39,74.9,6.1,14.72,0.25
20.8,40,40.57,80.4,6.6,15.05,0.25
0,40,0,78.7,6.5,22.44,0.25
20.8,40,42.04,22.9,5.7,14.46,0.25
20.8,40,43.49,1.8,4.8,13.86,0.25
20.8,40,43.81,0,4.6,13.73,0.25
20.8,40,46.04,0,3.2,12.79,0.25
0,40,0,0,4,22.43,0.18
0,40,0,0,4,22.43,0.18
0,40,0,0,4.9,22.43,0.18
0,40,0,0,4,22.43,0.18
0,40,0,0,4.1,22.43,0.18
0,40,0,0,4.2,22.43,0.18
0,40,0,0,4.3,22.43,0.18
0,40,0,0,4.4,22.43,0.18
0,40,0,0,5,22.43,0.25
0,40,0,0,4.7,22.43,0.25
20.8,40,44.29,1.4,4.3,13.53,0.25
20.8,40,43.65,8,4.7,13.79,0.25
20.8,40,42.69,16.4,5.3,14.19,0.25
20.8,40,41.55,23.8,6,14.66,0.25
0,40,0,29.1,5.5,22.44,0.25
20.8,40,41.22,31.5,6.2,14.79,0.25
20.8,40,40.41,31,6.7,15.12,0.25
20.8,40,38.6,101.2,7.8,15.84,0.25
20.8,40,38.76,108.8,7.7,15.78,0.25
0,40,0,78.4,6.7,22.44,0.25
20.8,40,41.55,40.9,6,14.66,0.25
20.8,40,43.01,2.3,5.1,14.06,0.25
20.8,40,43.01,0,5.1,14.06,0.25
20.8,40,43.01,0,5.1,14.06,0.18
0,40,0,0,4.6,22.43,0.18
0,40,0,0,4.5,22.43,0.18
0,40,0,0,4.9,22.43,0.18
0,40,0,0,4.3,22.43,0.18
0,40,0,0,4.3,22.43,0.18
0,40,0,0,3.5,22.43,0.18
0,40,0,0,4,22.43,0.18
0,40,0,0,3.4,22.43,0.25
0,40,0,0,4.2,22.43,0.25
0,40,0,0,4,22.43,0.25
20.8,40,44.77,2.5,4,13.33,0.25
20.8,40,45.57,46.8,3.5,12.99,0.25
20.8,40,43.34,80.2,4.9,13.93,0.25
20.8,40,43.5,99,4.8,13.86,0.25
0,40,0,120.3,5.4,22.44,0.25
20.8,40,41.56,118.1,6,14.66,0.25
20.8,40,41.56,107.5,6,14.66,0.25
20.8,40,41.56,95.3,6,14.66,0.25
20.8,40,42.04,95.6,5.7,14.46,0.25
0,40,0,77.1,5.8,22.44,0.25
20.8,40,42.36,31.9,5.5,14.33,0.25
20.8,40,43.49,1.8,4.8,13.86,0.25
20.8,40,44.61,0,4.1,13.39,0.18
20.8,40,43.81,0,4.6,13.73,0.18
0,40,0,0,2.4,22.43,0.18
0,40,0,0,2.5,22.43,0.18
0,40,0,0,3.5,22.43,0.18
0,40,0,0,3,22.43,0.18
0,40,0,0,2.6,22.43,0.18
0,40,0,0,2.5,22.43,0.18
0,40,0,0,2.8,22.43,0.25
0,40,0,0,2.8,22.43,0.25
0,40,0,0,2.7,22.43,0.25
0,40,0,0,2.8,22.43,0.25
20.8,40,45.88,2.7,3.3,12.86,0.25
20.8,40,44.3,38.4,4.3,13.53,0.25
20.8,40,40.25,80.9,6.8,15.18,0.25
20.8,40,39.42,49.2,7.3,15.51,0.25
0,40,0,56.6,7.9,22.44,0.25
20.8,40,37.59,32.2,8.4,16.23,0.25
20.8,40,37.42,31.7,8.5,16.3,0.25
20.8,40,37.42,28.3,8.5,16.3,0.25
20.8,40,36.09,44.9,9.3,16.82,0.25
0,40,0,27.8,9.3,22.44,0.25
20.8,40,36.59,6,9,16.62,0.25
20.8,40,37.09,0.7,8.7,16.43,0.18
20.8,40,37.25,0,8.6,16.36,0.18
20.8,40,36.59,0,9,16.62,0.18
0,40,0,0,8,22.44,0.18
0,40,0,0,7.5,22.44,0.18
0,40,0,0,7.7,22.44,0.18
0,40,0,0,7.9,22.44,0.18
0,40,0,0,6.9,22.43,0.18
0,40,0,0,7,22.43,0.25
0,40,0,0,7.3,22.44,0.25
0,40,0,0,6.5,22.43,0.25
0,40,0,0,6.3,22.43,0.25
0,40,0,0,6.3,22.43,0.25
20.8,40,40.24,3,6.8,15.18,0.25
20.8,40,39.09,19.4,7.5,15.64,0.25
20.8,40,37.43,35,8.5,16.3,0.25
20.8,40,36.25,25,9.2,16.75,0.25
0,40,0,58.8,10.2,22.44,0.25
20.8,40,33.55,62.3,10.8,17.79,0.25
20.8,40,33.89,60.5,10.6,17.66,0.25
20.8,40,33.72,55.6,10.7,17.72,0.25
20.8,40,33.37,22.7,10.9,17.85,0.25
0,40,0,14.8,10.7,22.44,0.25
20.8,40,34.73,6.2,10.1,17.34,0.18
20.8,40,35.24,0.7,9.8,17.14,0.18
20.8,40,36.08,0,9.3,16.82,0.18
20.8,40,36.08,0,9.3,16.82,0.18
0,40,0,0,9.1,22.44,0.18
0,40,0,0,9.3,22.44,0.18
0,40,0,0,9.6,22.44,0.18
0,40,0,0,9.6,22.44,0.18
0,40,0,0,6.6,22.43,0.25
0,40,0,0,5.4,22.43,0.25
0,40,0,0,4.9,22.43,0.25
0,40,0,0,4.7,22.43,0.25
0,40,0,0,4.6,22.43,0.25
0,40,0,0,3.4,22.43,0.25
20.8,40,44.45,5.5,4.2,13.46,0.25
20.8,40,43.01,50.6,5.1,14.06,0.25
20.8,40,39.92,69.1,7,15.32,0.25
20.8,40,40.08,50.9,6.9,15.25,0.25
0,40,0,58.1,8.3,22.44,0.25
20.8,40,37.43,62.8,8.5,16.3,0.25
20.8,40,37.43,61,8.5,16.3,0.25
20.8,40,43.66,56.1,4.7,13.8,0.25
20.8,40,42.53,44.4,5.4,14.26,0.25
0,40,0,28.9,5.9,22.44,0.18
20.8,40,41.39,36.9,6.1,14.72,0.18
20.8,40,41.06,2.1,6.3,14.85,0.18
20.8,40,46.2,0,3.1,12.72,0.18
20.8,40,44.45,0,4.2,13.46,0.18
0,40,0,0,5.6,22.43,0.18
0,40,0,0,5,22.43,0.18
0,40,0,0,4.9,22.43,0.18
0,40,0,0,5,22.43,0.25
0,40,0,0,4.8,22.43,0.25
0,40,0,0,4.4,22.43,0.25
0,40,0,0,4.4,22.43,0.25
0,40,0,0,3.9,22.43,0.25
0,40,0,0,3.4,22.43,0.25
0,40,0,0,3.4,22.43,0.25
20.8,40,44.77,5.9,4,13.33,0.25
20.8,40,43.33,41,4.9,13.93,0.25
20.8,40,40.74,54,6.5,14.99,0.25
20.8,40,43.01,71.8,5.1,14.06,0.25
0,40,0,82.6,7.7,22.44,0.25
20.8,40,37.09,86.6,8.7,16.43,0.25
20.8,40,36.76,101.1,8.9,16.56,0.25
20.8,40,37.93,119,8.2,16.1,0.25
20.8,40,38.26,114.3,8,15.97,0.18
0,40,0,83.3,7.7,22.44,0.18
20.8,40,40.08,44.1,6.9,15.25,0.18
20.8,40,42.36,3.4,5.5,14.33,0.18
20.8,40,44.45,0,4.2,13.46,0.18
20.8,40,43.81,0,4.6,13.73,0.18
0,40,0,0,5.7,22.43,0.18
0,40,0,0,5.7,22.43,0.18
0,40,0,0,4.7,22.43,0.25
0,40,0,0,3.5,22.43,0.25
0,40,0,0,3.5,22.43,0.25
0,40,0,0,3.3,22.43,0.25
0,40,0,0,3.1,22.43,0.25
0,40,0,0,3.2,22.43,0.25
0,40,0,0,2.9,22.43,0.25
0,40,0,0,2.8,22.43,0.25
20.8,40,45.09,7.6,3.8,13.19,0.25
20.8,40,44.14,21.1,4.4,13.59,0.25
20.8,40,43.01,37.1,5.1,14.06,0.25
20.8,40,39.91,50.4,7,15.32,0.25
0,40,0,59.5,6,22.44,0.25
20.8,40,41.39,63.8,6.1,14.72,0.25
20.8,40,39.75,84.1,7.1,15.38,0.25
20.8,40,39.75,57.2,7.1,15.38,0.18
20.8,40,39.91,67.9,7,15.32,0.18
0,40,0,60.3,6.5,22.44,0.18
20.8,40,41.55,45.6,6,14.66,0.18
20.8,40,43.33,3.2,4.9,13.93,0.18
20.8,40,45.09,0,3.8,13.19,0.18
20.8,40,44.93,0,3.9,13.26,0.18
0,40,0,0,3.3,22.43,0.18
0,40,0,0,3.7,22.43,0.25
0,40,0,0,3.1,22.43,0.25
0,40,0,0,2.1,22.43,0.25
0,40,0,0,2.2,22.43,0.25
0,40,0,0,1.7,22.43,0.25
0,40,0,0,1.5,22.43,0.25
0,40,0,0,1.1,22.43,0.25
0,40,0,0,1.2,22.43,0.25
0,40,0,0,2,22.43,0.25
20.8,40,46.83,5.5,2.7,12.46,0.25
20.8,40,44.62,21.4,4.1,13.39,0.25
20.8,40,43.33,37.6,4.9,13.93,0.25
20.8,40,40.73,51.1,6.5,14.99,0.25
0,40,0,59.9,7.2,22.44,0.25
20.8,40,38.76,64.6,7.7,15.77,0.25
20.8,40,39.75,62.7,7.1,15.38,0.18
20.8,40,38.76,57.8,7.7,15.77,0.18
20.8,40,36.59,46.2,9,16.62,0.18
0,40,0,30.7,8.5,22.44,0.18
20.8,40,40.24,13.4,6.8,15.18,0.18
20.8,40,40.73,1.8,6.5,14.99,0.18
20.8,40,41.87,0,5.8,14.52,0.18
20.8,40,42.36,0,5.5,14.33,0.18
0,40,0,0,5.4,22.43,0.25
0,40,0,0,5.6,22.43,0.25
0,40,0,0,5.3,22.43,0.25
0,40,0,0,5,22.43,0.25
0,40,0,0,4.8,22.43,0.25
0,40,0,0,4.7,22.43,0.25
0,40,0,0,4.5,22.43,0.25
0,40,0,0,4.8,22.43,0.25
0,40,0,0,4.3,22.43,0.25
0,40,0,0,3.9,22.43,0.25
20.8,40,45.57,9.1,3.5,12.99,0.25
20.8,40,44.3,22.1,4.3,13.53,0.25
20.8,40,42.85,58.2,5.2,14.13,0.25
20.8,40,40.9,120,6.4,14.92,0.25
0,40,0,133.1,7.6,22.44,0.25
20.8,40,39.26,130.8,7.4,15.58,0.18
20.8,40,40.41,120.9,6.7,15.12,0.18
20.8,40,40.25,127.1,6.8,15.19,0.18
20.8,40,39.42,116.8,7.3,15.51,0.18
0,40,0,77.6,6.2,22.44,0.18
20.8,40,42.2,22.4,5.6,14.39,0.18
20.8,40,43.33,1.1,4.9,13.93,0.18
20.8,40,44.77,0,4,13.33,0.18
20.8,40,46.04,0,3.2,12.79,0.25
0,40,0,0,3.8,22.43,0.25
0,40,0,0,3.8,22.43,0.25
0,40,0,0,3.9,22.43,0.25
0,40,0,0,3.9,22.43,0.25
0,40,0,0,3.7,22.43,0.25
0,40,0,0,3.6,22.43,0.25
0,40,0,0,3.6,22.43,0.25
0,40,0,0,3.3,22.43,0.25
0,40,0,0,3.4,22.43,0.25
0,40,0,0,3.3,22.43,0.25
20.8,40,45.57,6.6,3.5,12.99,0.25
20.8,40,44.78,22.8,4,13.33,0.25
20.8,40,43.66,39.6,4.7,13.8,0.25
20.8,40,43.17,27.5,5,13.99,0.25
0,40,0,63.4,5.6,22.44,0.18
20.8,40,42.37,65.7,5.5,14.33,0.18
20.8,40,41.88,64.2,5.8,14.52,0.18
20.8,40,41.71,31.1,5.9,14.59,0.18
20.8,40,41.23,47.6,6.2,14.79,0.18
0,40,0,32.4,6.1,22.44,0.18
20.8,40,41.55,14.4,6,14.66,0.18
20.8,40,42.2,1.1,5.6,14.39,0.18
20.8,40,43.01,0,5.1,14.06,0.25
20.8,40,43.65,0,4.7,13.79,0.25
0,40,0,0,4.5,22.43,0.25
0,40,0,0,4.2,22.43,0.25
0,40,0,0,3.9,22.43,0.25
0,40,0,0,4.1,22.43,0.25
0,40,0,0,4,22.43,0.25
0,40,0,0,3.8,22.43,0.25
0,40,0,0,3.7,22.43,0.25
0,40,0,0,3.7,22.43,0.25
0,40,0,0,3.5,22.43,0.25
0,40,0,0,3.5,22.43,0.25
20.8,40,45.25,7.2,3.7,13.13,0.25
20.8,40,44.62,23.5,4.1,13.39,0.25
20.8,40,44.14,20.1,4.4,13.6,0.25
20.8,40,42.69,54.9,5.3,14.19,0.18
0,40,0,32.8,5.9,22.44,0.18
20.8,40,41.55,35.2,6,14.66,0.18
20.8,40,41.06,34.4,6.3,14.85,0.18
20.8,40,40.9,31.1,6.4,14.92,0.18
20.8,40,40.9,24.8,6.4,14.92,0.18
0,40,0,16.6,6.5,22.43,0.18
20.8,40,41.39,7.8,6.1,14.72,0.18
20.8,40,41.71,3.2,5.9,14.59,0.25
20.8,40,41.87,0,5.8,14.52,0.25
20.8,40,41.87,0,5.8,14.52,0.25
0,40,0,0,5.6,22.43,0.25
0,40,0,0,5.7,22.43,0.25
0,40,0,0,5.5,22.43,0.25
0,40,0,0,5.2,22.43,0.25
0,40,0,0,5.3,22.43,0.25
0,40,0,0,5.2,22.43,0.25
0,40,0,0,5.2,22.43,0.25
0,40,0,0,5.2,22.43,0.25
0,40,0,0,5.4,22.43,0.25
0,40,0,0.2,5.4,22.43,0.25
20.8,40,42.04,7.7,5.7,14.46,0.25
20.8,40,41.71,11.7,5.9,14.59,0.25
20.8,40,41.22,20.6,6.2,14.79,0.18
20.8,40,41.39,28,6.1,14.72,0.18
0,40,0,33.2,5.1,22.44,0.18
20.8,40,42.04,35.4,5.7,14.46,0.18
20.8,40,41.39,34.7,6.1,14.72,0.18
20.8,40,40.57,31.3,6.6,15.05,0.18
20.8,40,39.75,50.1,7.1,15.38,0.18
0,40,0,32.7,7.2,22.44,0.18
20.8,40,40.9,24.1,6.4,14.92,0.25
20.8,40,42.2,5.1,5.6,14.39,0.25
20.8,40,44.61,0,4.1,13.39,0.25
20.8,40,46.04,0,3.2,12.79,0.25
0,40,0,0,2.6,22.43,0.25
0,40,0,0,2.4,22.43,0.25
0,40,0,0,3.8,22.43,0.25
0,40,0,0,3.8,22.43,0.25
0,40,0,0,3.6,22.43,0.25
0,40,0,0,2.9,22.43,0.25
0,40,0,0,2.9,22.43,0.25
0,40,0,0,2.7,22.43,0.25
0,40,0,0,2.7,22.43,0.25
0,40,0,0.2,2.6,22.43,0.25
20.8,40,46.67,3.5,2.8,12.52,0.25
20.8,40,46.36,11.9,3,12.66,0.18
20.8,40,45.25,42.8,3.7,13.13,0.18
20.8,40,44.14,95.3,4.4,13.6,0.18
0,40,0,109.4,5.5,22.44,0.18
20.8,40,41.23,123.3,6.2,14.79,0.18
20.8,40,39.59,130,7.2,15.45,0.18
20.8,40,38.76,133.3,7.7,15.78,0.18
20.8,40,38.76,122.8,7.7,15.78,0.18
0,40,0,97.8,7.5,22.44,0.25
20.8,40,39.42,56,7.3,15.51,0.25
20.8,40,42.36,2.5,5.5,14.33,0.25
20.8,40,44.61,0,4.1,13.39,0.25
20.8,40,44.13,0,4.4,13.59,0.25
0,40,0,0,3.7,22.43,0.25
0,40,0,0,3.3,22.43,0.25
0,40,0,0,3.1,22.43,0.25
0,40,0,0,2.7,22.43,0.25
0,40,0,0,2.4,22.43,0.25
0,40,0,0,2.5,22.43,0.25
0,40,0,0,1.7,22.43,0.25
0,40,0,0,1.3,22.43,0.25
0,40,0,0,1.3,22.43,0.25
0,40,0,0.2,0.9,22.43,0.25
20.8,40,50.06,3.7,0.6,11.03,0.18
20.8,40,49.76,12.4,0.8,11.17,0.18
20.8,40,48.07,21.3,1.9,11.92,0.18
20.8,40,46.83,96.3,2.7,12.46,0.18
0,40,0,123,4.7,22.44,0.18
20.8,40,40.91,137.1,6.4,14.92,0.18
20.8,40,38.1,130.7,8.1,16.04,0.18
20.8,40,36.43,132.3,9.1,16.69,0.18
20.8,40,35.92,122.1,9.4,16.88,0.25
0,40,0,80,9.1,22.44,0.25
20.8,40,36.92,35.3,8.8,16.49,0.25
20.8,40,42.04,2.8,5.7,14.46,0.25
20.8,40,44.29,0,4.3,13.53,0.25
20.8,40,46.51,0,2.9,12.59,0.25
0,40,0,0,-0.8,22.43,0.25
0,40,0,0,-0.4,22.43,0.25
0,40,0,0,0.2,22.43,0.25
0,40,0,0,-0.2,22.43,0.25
0,40,0,0,-0.5,22.43,0.25
0,40,0,0,0,22.43,0.25
0,40,0,0,-0.6,22.43,0.25
0,40,0,0,-0.4,22.43,0.25
0,40,0,0,-0.6,22.43,0.25
0,40,0,0.9,-0.3,22.43,0.18
20.8,40,49.61,27.6,0.9,11.24,0.18
20.8,40,42.69,67.8,5.3,14.19,0.18
20.8,40,38.43,100.6,7.9,15.91,0.18
20.8,40,33.89,125.5,10.6,17.66,0.18
0,40,0,137.1,12.3,22.44,0.18
20.8,40,28.39,139,13.8,19.71,0.18
20.8,40,26.99,132,14.6,20.22,0.18
20.8,40,26.29,135.4,15,20.48,0.25
20.8,40,25.59,125.5,15.4,20.73,0.25
0,40,0,98,15,22.44,0.25
20.8,40,28.21,56.5,13.9,19.78,0.25
20.8,40,33.54,5.3,10.8,17.79,0.25
20.8,40,36.58,0,9,16.62,0.25
20.8,40,37.75,0,8.3,16.17,0.25
0,40,0,0,7.1,22.43,0.25
0,40,0,0,6.6,22.43,0.25
0,40,0,0,5.7,22.43,0.25
0,40,0,0,5.8,22.43,0.25
0,40,0,0,4.9,22.43,0.25
0,40,0,0,4.6,22.43,0.25
0,40,0,0,4,22.43,0.25
0,40,0,0,4.1,22.43,0.25
0,40,0,0,2.5,22.43,0.18
0,40,0,1.1,3.8,22.43,0.18
20.8,40,42.85,27,5.2,14.13,0.18
20.8,40,39.09,64.8,7.5,15.64,0.18
20.8,40,36.09,101.4,9.3,16.82,0.18
20.8,40,33.38,113,10.9,17.85,0.18
0,40,0,133.8,13,22.44,0.18
20.8,40,26.65,132.9,14.8,20.35,0.18
20.8,40,24.01,109.7,16.3,21.3,0.25
20.8,40,22.77,106.7,17,21.74,0.25
20.8,40,22.77,122.5,17,21.74,0.25
0,40,0,98.7,16.9,22.44,0.25
20.8,40,24.88,57.5,15.8,20.98,0.25
20.8,40,29.42,6.5,13.2,19.33,0.25
20.8,40,32.52,0,11.4,18.17,0.25
20.8,40,36.25,0,9.2,16.75,0.25
0,40,0,0,8.2,22.43,0.25
0,40,0,0,7.9,22.43,0.25
0,40,0,0,6.4,22.43,0.25
0,40,0,0,7,22.43,0.25
0,40,0,0,6.8,22.43,0.25
0,40,0,0,4.8,22.43,0.25
0,40,0,0,5.8,22.43,0.25
0,40,0,0,4.9,22.43,0.18
0,40,0,0,3.8,22.43,0.18
0,40,0,0.5,3,22.43,0.18
20.8,40,44.77,4.7,4,13.33,0.18
20.8,40,43.98,13.3,4.5,13.66,0.18
20.8,40,41.71,22.2,5.9,14.59,0.18
20.8,40,39.25,58.3,7.4,15.58,0.18
0,40,0,34.9,8.7,22.44,0.18
20.8,40,35.24,69.6,9.8,17.14,0.25
20.8,40,33.89,91.4,10.6,17.66,0.25
20.8,40,32.69,61.8,11.3,18.11,0.25
20.8,40,33.72,51.1,10.7,17.72,0.25
0,40,0,35.4,9.9,22.44,0.25
20.8,40,37.25,17.5,8.6,16.36,0.25
20.8,40,40.24,3.2,6.8,15.18,0.25
20.8,40,43.01,0,5.1,14.06,0.25
20.8,40,44.61,0,4.1,13.39,0.25
0,40,0,0,4,22.43,0.25
0,40,0,0,4.1,22.43,0.25
0,40,0,0,3.8,22.43,0.25
0,40,0,0,3.5,22.43,0.25
0,40,0,0,3.2,22.43,0.25
0,40,0,0,3.6,22.43,0.25
0,40,0,0,4.1,22.43,0.18
0,40,0,0,4.6,22.43,0.18
0,40,0,0,4.4,22.43,0.18
0,40,0,0.5,5.2,22.43,0.18
20.8,40,42.2,4.9,5.6,14.39,0.18
20.8,40,42.04,13.8,5.7,14.46,0.18
20.8,40,41.88,22.7,5.8,14.52,0.18
20.8,40,41.71,30.1,5.9,14.59,0.18
0,40,0,35.1,6,22.44,0.25
20.8,40,41.88,37.3,5.8,14.52,0.25
20.8,40,41.55,68.3,6,14.66,0.25
20.8,40,41.39,63.5,6.1,14.72,0.25
20.8,40,40.9,51.5,6.4,14.92,0.25
0,40,0,55.7,6.3,22.44,0.25
20.8,40,42.36,17.7,5.5,14.33,0.25
20.8,40,43.17,4.6,5,13.99,0.25
20.8,40,44.45,0,4.2,13.46,0.25
20.8,40,44.13,0,4.4,13.59,0.25
0,40,0,0,4.4,22.43,0.25
0,40,0,0,4.3,22.43,0.25
0,40,0,0,4.5,22.43,0.25
0,40,0,0,5,22.43,0.25
0,40,0,0,5,22.43,0.25
0,40,0,0,4.6,22.43,0.18
0,40,0,0,4.6,22.43,0.18
0,40,0,0,4.6,22.43,0.18
0,40,0,0,4.8,22.43,0.18
0,40,0,0.9,4.8,22.43,0.18
20.8,40,42.85,5.1,5.2,14.13,0.18
20.8,40,43.01,21.3,5.1,14.06,0.18
20.8,40,43.01,45.3,5.1,14.06,0.18
20.8,40,43.5,101.2,4.8,13.86,0.25
0,40,0,94.3,5.3,22.44,0.25
20.8,40,40.24,70.7,6.8,15.18,0.25
20.8,40,41.23,69.2,6.2,14.79,0.25
20.8,40,41.39,63.3,6.1,14.72,0.25
20.8,40,41.55,52.2,6,14.66,0.25
0,40,0,19,5.6,22.43,0.25
20.8,40,42.69,9.7,5.3,14.19,0.25
20.8,40,43.17,1.8,5,13.99,0.25
20.8,40,43.17,0,5,13.99,0.25
20.8,40,43.49,0,4.8,13.86,0.25
0,40,0,0,4.2,22.43,0.25
0,40,0,0,4.9,22.43,0.25
0,40,0,0,4.7,22.43,0.25
0,40,0,0,4.4,22.43,0.25
0,40,0,0,4.6,22.43,0.18
0,40,0,0,4.7,22.43,0.18
0,40,0,0,4.4,22.43,0.18
0,40,0,0,4,22.43,0.18
0,40,0,0,3.6,22.43,0.18
0,40,0,2,3.3,22.43,0.18
20.8,40,44.94,40,3.9,13.26,0.18
20.8,40,43.82,73.7,4.6,13.73,0.18
20.8,40,42.37,108.7,5.5,14.33,0.25
20.8,40,42.21,133,5.6,14.39,0.25
0,40,0,143.4,6.8,22.44,0.25
20.8,40,38.76,142.4,7.7,15.78,0.25
20.8,40,37.93,136.7,8.2,16.1,0.25
20.8,40,36.93,139.3,8.8,16.49,0.25
20.8,40,36.26,129.7,9.2,16.75,0.25
0,40,0,105.3,9.3,22.44,0.25
20.8,40,36.42,62.5,9.1,16.69,0.25
20.8,40,38.26,10.2,8,15.97,0.25
20.8,40,39.42,0,7.3,15.51,0.25
20.8,40,40.57,0,6.6,15.05,0.25
0,40,0,0,6.2,22.43,0.25
0,40,0,0,6.4,22.43,0.25
0,40,0,0,6.9,22.43,0.25
