q_dot_occ (kW),q_dot_ac (kW),q_dot_vent (kW),q_dot_solar (kW),T_amb (°C),T_b (°C),Phi (Eur/KWh)
0,40,0,0,5.1,24.87327506,0.18
0,40,0,0,4.6,24.45308053,0.18
0,40,0,0,4.3,23.91327361,0.18
0,40,0,0,4,24.04635563,0.18
0,40,0,0,3.8,23.16829154,0.18
0,40,0,0,3.7,23.55772485,0.18
0,40,0,0,3.5,23.02790365,0.25
20.8,40,17.56832,0,3.3,23.90938139,0.25
20.8,40,17.89216,0,2.9,23.93696719,0.25
20.8,40,19.34944,11.5329031,1.1,21.93590673,0.25
20.8,40,18.37792,22.68694103,2.3,23.94820303,0.25
0,40,0,34.34314676,2.8,24.19276755,0.25
20.8,40,18.78272,60.31287302,1.8,27.04696383,0.25
20.8,40,19.10656,19.18624848,1.4,23.17981192,0.25
20.8,40,18.13504,26.75013972,2.6,24.33763605,0.25
20.8,40,17.0016,22.90087915,4,25.40733023,0.25
0,40,0,2.722474838,3.7,23.3323311,0.25
20.8,40,17.08256,0,3.9,24.04689415,0.25
20.8,40,17.24448,0,3.7,23.88278871,0.25
20.8,40,18.86368,0,1.7,21.99493641,0.25
20.8,40,18.05408,0,2.7,22.621885,0.25
0,40,0,0,3.7,22.32562602,0.18
0,40,0,0,3.8,22.41696271,0.18
0,40,0,0,3.9,22.70349463,0.18
0,40,0,0,3.7,22.52217174,0.18
0,40,0,0,3.5,22.51577459,0.18
0,40,0,0,1.5,20.94458541,0.18
0,40,0,0,3.2,21.75168111,0.18
0,40,0,0,4.2,22.5812814,0.18
0,40,0,0,4,22.74826422,0.25
0,40,0,0,5,23.46609356,0.25
20.8,40,18.6208,0,2,22.21420441,0.25
20.8,40,16.5968,0,4.5,24.37264919,0.25
20.8,40,16.192,25.07721237,5,26.08408397,0.25
20.8,40,15.70624,64.54509988,5.6,28.95694715,0.25
0,40,0,34.51404252,2.7,24.18124753,0.25
20.8,40,16.92064,39.3950135,4.1,25.72831788,0.25
20.8,40,15.70624,72.84992851,5.6,29.84542244,0.25
20.8,40,15.86816,61.47536975,5.4,30.45152188,0.25
20.8,40,15.62528,28.28764142,5.7,29.72145393,0.25
0,40,0,3.112809154,4.7,26.30565413,0.25
20.8,40,17.08256,0,3.9,26.09113519,0.25
20.8,40,17.32544,0,3.6,26.33844612,0.25
20.8,40,18.216,0,2.5,25.52042924,0.25
20.8,40,18.94464,0,1.6,24.4011901,0.18
0,40,0,0,2.4,23.68439993,0.18
0,40,0,0,1,24.31525777,0.18
0,40,0,0,0.6,25.45823589,0.18
0,40,0,0,0.8,25.31026496,0.18
0,40,0,0,0.6,27.11009721,0.18
0,40,0,0,1.1,25.23495764,0.18
0,40,0,0,1.3,27.13575704,0.18
0,40,0,0,0.4,28.43981945,0.25
0,40,0,0,0.9,29.41428692,0.25
0,40,0,0,-0.2,26.96953805,0.25
20.8,40,20.24,0,0,25.73598935,0.25
20.8,40,20.07808,0,0.2,26.20741281,0.25
20.8,40,19.34944,7.802108827,1.1,28.02887032,0.25
20.8,40,18.70176,23.17113155,1.9,28.38449056,0.25
0,40,0,34.76421336,2.3,27.49860245,0.25
20.8,40,18.29696,40.08008558,2.4,28.6235473,0.25
20.8,40,18.29696,37.2857653,2.4,28.36976224,0.25
20.8,40,18.37792,76.68291641,2.3,30.89238415,0.25
20.8,40,18.86368,57.00790778,1.7,31.08410762,0.25
0,40,0,3.50341203,0.5,27.3759312,0.25
20.8,40,19.8352,0,0.5,26.2648887,0.25
20.8,40,20.07808,0,0.2,25.47704098,0.25
20.8,40,20.32096,0,-0.1,23.7879712,0.18
20.8,40,20.48288,0,-0.3,23.22267576,0.18
0,40,0,0,-0.8,22.65174844,0.18
0,40,0,0,-0.9,22.89301959,0.18
0,40,0,0,-1,22.0327283,0.18
0,40,0,0,-1.6,21.24395199,0.18
0,40,0,0,-1.6,20.25168695,0.18
0,40,0,0,-1.6,19.80840687,0.18
0,40,0,0,-2,19.1914913,0.25
0,40,0,0,-2.1,18.8659794,0.25
0,40,0,0,-2,19.25921115,0.25
0,40,0,0,-2.2,19.36815185,0.25
20.8,40,22.18304,0,-2.4,19.42964831,0.25
20.8,40,22.264,0,-2.5,18.5512757,0.25
20.8,40,21.77824,25.5093468,-1.9,20.18691253,0.25
20.8,40,21.29248,72.66180215,-1.3,23.83279354,0.25
0,40,0,107.1942171,-0.6,29.43547904,0.25
20.8,40,20.24,111.0930625,0,31.14436347,0.25
20.8,40,19.51136,103.1843394,0.9,32.74212508,0.25
20.8,40,19.8352,96.47031773,0.5,31.20209318,0.25
20.8,40,19.91616,58.29464147,0.4,27.83108506,0.25
0,40,0,3.894257384,-0.4,23.48970639,0.25
20.8,40,21.37344,0,-1.4,20.67645344,0.25
20.8,40,21.8592,0,-2,18.8791103,0.18
20.8,40,21.8592,0,-2,18.04778622,0.18
20.8,40,22.58784,0,-2.9,17.51737994,0.18
0,40,0,0,-3,17.62328267,0.18
0,40,0,0,-3,17.21544258,0.18
0,40,0,0,-2.9,17.10119664,0.18
0,40,0,0,-3.4,17.25757793,0.18
0,40,0,0,-4.2,16.87241556,0.18
0,40,0,0,-4.1,16.74282859,0.25
0,40,0,0,-4.2,16.12801956,0.25
0,40,0,0,-4.5,15.82347277,0.25
0,40,0,0,-4.6,15.29667068,0.25
0,40,0,0,-4.9,15.01089446,0.25
20.8,40,24.12608,0,-4.8,13.51379445,0.25
20.8,40,24.288,0,-5,13.25792837,0.25
20.8,40,24.12608,25.31091174,-4.8,14.17312602,0.25
20.8,40,23.4784,65.67333779,-4,16.77349125,0.25
0,40,0,101.0424979,-3.4,20.01166299,0.25
20.8,40,22.50688,94.73924914,-2.8,20.48120318,0.25
20.8,40,22.34496,75.94412989,-2.6,20.39367438,0.25
20.8,40,22.18304,47.44707901,-2.4,19.43854324,0.25
20.8,40,22.10208,13.29736232,-2.3,17.97273457,0.25
0,40,0,1.942384283,-2.5,17.4456349,0.25
20.8,40,22.18304,0,-2.4,16.50168347,0.18
20.8,40,22.264,0,-2.5,16.15514366,0.18
20.8,40,22.34496,0,-2.6,15.96426944,0.18
20.8,40,22.34496,0,-2.6,15.90891569,0.18
0,40,0,0,-2.5,16.61717107,0.18
0,40,0,0,-2.6,16.72412051,0.18
0,40,0,0,-2.8,16.69371125,0.18
0,40,0,0,-3.6,16.16308926,0.18
0,40,0,0,-3.7,15.80827779,0.25
0,40,0,0,-3.9,15.64323313,0.25
0,40,0,0,-3.9,15.68145599,0.25
0,40,0,0,-3.8,15.86609068,0.25
0,40,0,0,-3.8,15.83885789,0.25
0,40,0,0,-3.9,15.85942881,0.25
20.8,40,23.23552,0,-3.7,15.28563305,0.25
20.8,40,23.31648,0,-3.8,15.14244592,0.25
20.8,40,23.0736,3.618537439,-3.5,15.7447498,0.25
20.8,40,22.91168,11.34568633,-3.3,16.79564605,0.25
0,40,0,18.0174878,-3,18.62340008,0.25
20.8,40,22.42592,21.16013987,-2.7,18.94382025,0.25
20.8,40,22.18304,19.97338944,-2.4,20.01307247,0.25
20.8,40,22.10208,15.25045217,-2.3,19.94694186,0.25
20.8,40,22.02112,7.406297827,-2.2,19.78100399,0.25
0,40,0,1.164335983,-1.8,21.22492729,0.18
20.8,40,21.69728,0,-1.8,19.63909898,0.18
20.8,40,21.69728,0,-1.8,19.69351983,0.18
20.8,40,21.61632,0,-1.7,19.32597249,0.18
20.8,40,21.4544,0,-1.5,20.22383215,0.18
0,40,0,0,-1.3,21.59371971,0.18
0,40,0,0,-1.2,22.32135247,0.18
0,40,0,0,-1,22.76043157,0.18
0,40,0,0,-0.7,23.99126996,0.25
0,40,0,0,-0.8,24.74619956,0.25
0,40,0,0,-0.6,23.6437157,0.25
0,40,0,0,-1,21.35211627,0.25
0,40,0,0,-1.3,20.39210002,0.25
0,40,0,0,-1.5,19.70220162,0.25
0,40,0,0,-1.7,20.46046449,0.25
20.8,40,21.37344,0,-1.4,20.4604128,0.25
20.8,40,21.4544,0,-1.5,20.78970842,0.25
20.8,40,21.69728,8.31914927,-1.8,22.88823469,0.25
20.8,40,21.4544,24.03743331,-1.5,27.57162556,0.25
0,40,0,36.31205777,-1.2,30.59633128,0.25
20.8,40,20.80672,41.44192736,-0.7,38.56872387,0.25
20.8,40,20.40192,39.12954149,-0.2,45.2092462,0.25
20.8,40,20.48288,29.46430166,-0.3,43.93356182,0.25
20.8,40,20.80672,14.0839423,-0.7,35.53752609,0.18
0,40,0,1.164341475,-0.6,31.01706191,0.18
20.8,40,20.6448,0,-0.5,27.37210165,0.18
20.8,40,20.6448,0,-0.5,24.25051057,0.18
20.8,40,20.80672,0,-0.7,21.9352143,0.18
20.8,40,20.6448,0,-0.5,22.63372366,0.18
0,40,0,0,-0.4,21.88493619,0.18
0,40,0,0,-0.1,20.95427817,0.18
0,40,0,0,-0.5,19.99132802,0.25
0,40,0,0,-1.1,18.91475529,0.25
0,40,0,0,-1.2,18.65953007,0.25
0,40,0,0,-1.8,18.21905832,0.25
0,40,0,0,-1.8,17.85096334,0.25
0,40,0,0,-1.9,17.96368351,0.25
0,40,0,0,-2.1,17.78566424,0.25
0,40,0,0,-1.7,18.19382399,0.25
20.8,40,20.96864,0,-0.9,18.4741973,0.25
20.8,40,20.48288,0,-0.3,19.24638924,0.25
20.8,40,20.15904,3.586137369,0.1,20.17047784,0.25
20.8,40,19.75424,11.34446721,0.6,21.19815355,0.25
0,40,0,18.01632276,0.9,21.50139862,0.25
20.8,40,19.26848,21.15913031,1.2,22.43562088,0.25
20.8,40,19.0256,20.3670718,1.5,23.22709419,0.25
20.8,40,18.94464,15.6433272,1.6,23.54277733,0.18
20.8,40,19.0256,7.797527474,1.5,23.34134587,0.18
0,40,0,1.164349396,1.6,22.29018804,0.18
20.8,40,18.86368,0,1.7,23.3229133,0.18
20.8,40,18.70176,0,1.9,24.12128203,0.18
20.8,40,18.37792,0,2.3,25.49773929,0.18
20.8,40,16.35392,0,4.8,27.13672062,0.18
0,40,0,0,4.7,26.05840929,0.18
0,40,0,0,4.7,25.14886706,0.25
0,40,0,0,4.5,25.18198999,0.25
0,40,0,0,3.7,24.99884674,0.25
0,40,0,0,4.2,25.18981672,0.25
0,40,0,0,3.5,25.47764879,0.25
0,40,0,0,4.2,25.20300607,0.25
0,40,0,0,4.2,25.52433529,0.25
0,40,0,0,4.9,26.0842546,0.25
0,40,0,0,4.9,26.09551687,0.25
20.8,40,16.192,0,5,28.54706536,0.25
20.8,40,16.75872,0,4.3,28.37874161,0.25
20.8,40,17.0016,8.201113843,4,28.15213295,0.25
20.8,40,15.94912,24.42024721,5.3,29.87019462,0.25
0,40,0,18.01569847,5.9,28.12941326,0.25
20.8,40,15.05856,41.6782388,6.4,30.91902471,0.25
20.8,40,14.81568,39.661536,6.7,31.68234957,0.18
20.8,40,15.13952,15.64301009,6.3,30.30156243,0.18
20.8,40,15.22048,7.797403983,6.2,29.11342912,0.18
0,40,0,1.164359809,6.5,26.45778556,0.18
20.8,40,14.81568,0,6.7,28.01808215,0.18
20.8,40,14.73472,0,6.8,28.2567027,0.18
20.8,40,14.24896,0,7.4,28.8370904,0.18
20.8,40,13.92512,0,7.8,29.35750215,0.18
0,40,0,0,8.3,27.29613014,0.25
0,40,0,0,8.1,26.78273695,0.25
0,40,0,0,8,26.57550975,0.25
0,40,0,0,8.6,26.97286972,0.25
0,40,0,0,8.2,26.7940939,0.25
0,40,0,0,7.7,26.34351369,0.25
0,40,0,0,7.3,25.89129613,0.25
0,40,0,0,7,25.67971997,0.25
0,40,0,0,7,25.58547195,0.25
0,40,0,0,6.7,25.35046385,0.25
20.8,40,14.89664,0,6.6,27.63185355,0.25
20.8,40,14.9776,0,6.5,28.01448782,0.25
20.8,40,15.22048,19.73254478,6.2,28.61639413,0.25
20.8,40,16.75872,64.52033143,4.3,29.13494133,0.25
0,40,0,37.2525086,5.5,27.42919421,0.25
20.8,40,16.75872,21.94857011,4.3,27.62273983,0.18
20.8,40,15.3824,20.76073464,6,28.42655989,0.18
20.8,40,15.30144,16.03621942,6.1,28.39502273,0.18
20.8,40,15.3824,8.188837099,6,28.33542965,0.18
0,40,0,1.553134602,5.8,26.15688179,0.18
20.8,40,16.35392,0,4.8,26.92151554,0.18
20.8,40,16.5968,0,4.5,27.73838005,0.18
20.8,40,17.16352,0,3.8,30.71609573,0.18
20.8,40,17.32544,0,3.6,31.57465768,0.25
0,40,0,0,3.1,30.25270349,0.25
0,40,0,0,2.9,33.04784159,0.25
0,40,0,0,2.8,30.4394175,0.25
0,40,0,0,2.9,28.03610873,0.25
0,40,0,0,3.7,24.944088,0.25
0,40,0,0,3.6,23.96327849,0.25
0,40,0,0,3.4,23.05712512,0.25
0,40,0,0,3.7,22.94584036,0.25
0,40,0,0,2.8,22.50759424,0.25
0,40,0,0,2,21.82507892,0.25
20.8,40,18.05408,0,2.7,22.98892558,0.25
20.8,40,17.16352,0,3.8,24.18055133,0.25
20.8,40,17.32544,28.74812347,3.6,25.64087551,0.25
20.8,40,16.92064,72.80747342,4.1,27.83419857,0.25
0,40,0,106.3351078,5.1,28.76467188,0.18
20.8,40,17.24448,114.0761464,3.7,28.98586427,0.18
20.8,40,17.8112,61.76056925,3,26.87364897,0.18
20.8,40,16.83968,89.35330805,4.2,28.84693034,0.18
20.8,40,17.24448,62.18189336,3.7,28.69931817,0.18
0,40,0,5.849833194,2.8,25.01876815,0.18
20.8,40,17.08256,0,3.9,25.15419961,0.18
20.8,40,17.56832,0,3.3,24.2621064,0.18
20.8,40,17.4064,0,3.5,24.31039604,0.25
20.8,40,17.16352,0,3.8,24.63620005,0.25
0,40,0,0,3.5,23.32840562,0.25
0,40,0,0,3.3,23.01648774,0.25
0,40,0,0,4,22.90318643,0.25
0,40,0,0,3.6,22.77225706,0.25
0,40,0,0,3.5,22.49044637,0.25
0,40,0,0,4.8,23.32335822,0.25
0,40,0,0,5.2,23.84825179,0.25
0,40,0,0,4.7,23.25800954,0.25
0,40,0,0,5.3,23.73376584,0.25
0,40,0,0,5.1,23.53585553,0.25
20.8,40,15.86816,0,5.4,25.65136991,0.25
20.8,40,16.43488,0,4.7,25.55502391,0.25
20.8,40,16.51584,25.96966477,4.6,26.63341653,0.25
20.8,40,16.35392,59.62256337,4.8,29.22649256,0.18
0,40,0,60.9024798,5.5,29.83166282,0.18
20.8,40,17.64928,43.47638536,3.2,28.46749202,0.18
20.8,40,17.16352,99.48942402,3.8,30.9874682,0.18
20.8,40,16.67776,100.9382846,4.4,32.66563352,0.18
20.8,40,16.5968,68.06074335,4.5,31.5342818,0.18
0,40,0,6.634150126,3,26.68447903,0.18
20.8,40,18.6208,0,2,25.314135,0.18
20.8,40,18.86368,0,1.7,24.41164451,0.25
20.8,40,19.4304,0,1,23.7300748,0.25
20.8,40,18.78272,0,1.8,24.18678909,0.25
0,40,0,0,1.7,24.71380521,0.25
0,40,0,0,1.6,24.70221629,0.25
0,40,0,0,2.2,25.46680472,0.25
0,40,0,0,0.9,24.28512299,0.25
0,40,0,0,0.8,23.20497724,0.25
0,40,0,0,1.5,23.10022241,0.25
0,40,0,0,1.6,24.32018995,0.25
0,40,0,0,2.3,26.19919107,0.25
0,40,0,0,1.5,26.08425072,0.25
0,40,0,0,1.7,25.40256204,0.25
20.8,40,17.16352,0,3.8,26.83048057,0.25
20.8,40,17.4064,0,3.5,27.29066448,0.25
20.8,40,17.24448,3.967069228,3.7,28.37268683,0.18
20.8,40,16.67776,12.12955507,4.4,29.62313036,0.18
0,40,0,38.6313666,5.4,29.86363819,0.18
20.8,40,15.62528,22.74589519,5.7,32.02280994,0.18
20.8,40,15.54432,21.94326602,5.8,31.13973345,0.18
20.8,40,15.62528,16.82244138,5.7,31.22151556,0.18
20.8,40,15.70624,16.8393648,5.6,31.22643661,0.18
0,40,0,1.94217591,5.1,28.03851373,0.18
20.8,40,16.27296,0,4.9,28.55459771,0.25
20.8,40,16.192,0,5,28.60916599,0.25
20.8,40,16.11104,0,5.1,28.69017157,0.25
20.8,40,16.43488,0,4.7,28.65447415,0.25
0,40,0,0,4.7,26.64415789,0.25
0,40,0,0,4.8,25.74072929,0.25
0,40,0,0,4.8,25.60496589,0.25
0,40,0,0,4.8,26.04171623,0.25
0,40,0,0,4.9,26.07073544,0.25
0,40,0,0,5,26.67252868,0.25
0,40,0,0,5,26.9934385,0.25
0,40,0,0,5,27.52347729,0.25
0,40,0,0,5.1,27.11445756,0.25
0,40,0,0,5.4,27.04088319,0.25
20.8,40,15.70624,0,5.6,28.89578721,0.25
20.8,40,15.7872,0,5.5,28.9696078,0.18
20.8,40,15.70624,3.938222666,5.6,29.4867358,0.18
20.8,40,15.46336,12.52323157,5.9,29.96740835,0.18
0,40,0,19.20407154,6.1,28.25664558,0.18
20.8,40,14.65376,22.74078154,6.9,31.85559457,0.18
20.8,40,13.84416,42.27227154,7.9,33.27155485,0.18
20.8,40,13.60128,32.81991207,8.2,33.34374762,0.18
20.8,40,13.7632,17.24196758,8,32.47209448,0.18
0,40,0,3.501034724,7.7,28.93733719,0.25
20.8,40,14.08704,0,7.6,30.17280451,0.25
20.8,40,14.00608,0,7.7,30.41795504,0.25
20.8,40,13.92512,0,7.8,30.66521368,0.25
20.8,40,14.00608,0,7.7,30.45061925,0.25
0,40,0,0,7.5,27.83785573,0.25
0,40,0,0,7.4,27.43650631,0.25
0,40,0,0,7.6,27.38157854,0.25
0,40,0,0,7.5,27.42599016,0.25
0,40,0,0,7.7,27.57056628,0.25
0,40,0,0,7.8,27.99404188,0.25
0,40,0,0,7.8,27.86426924,0.25
0,40,0,0,7.6,27.8011368,0.25
0,40,0,0,7.8,28.44776954,0.25
0,40,0,0,7.6,28.43929471,0.25
20.8,40,13.84416,0,7.9,30.91417508,0.18
20.8,40,13.92512,0,7.8,31.32825316,0.18
20.8,40,13.84416,3.909250222,7.9,31.69721284,0.18
20.8,40,13.68224,12.52218072,8.1,32.69900152,0.18
0,40,0,19.61184632,8.2,31.03460412,0.18
20.8,40,13.43936,23.14096174,8.4,34.07765974,0.18
20.8,40,13.3584,22.33695895,8.5,34.63450242,0.18
20.8,40,13.27744,17.21542251,8.6,35.19307089,0.18
20.8,40,13.27744,9.363390034,8.6,34.36683695,0.25
0,40,0,1.942177103,8.4,30.51671731,0.25
20.8,40,13.43936,0,8.4,32.24681442,0.25
20.8,40,13.52032,0,8.3,32.08806177,0.25
20.8,40,13.43936,0,8.4,32.20521353,0.25
20.8,40,13.7632,0,8,31.72869962,0.25
0,40,0,0,7.5,28.66647884,0.25
0,40,0,0,7.1,27.5493342,0.25
0,40,0,0,7,27.45427212,0.25
0,40,0,0,6.9,27.21630033,0.25
0,40,0,0,6.7,27.18009672,0.25
0,40,0,0,6.2,26.87763437,0.25
0,40,0,0,6,26.43441522,0.25
0,40,0,0,5.4,25.75049228,0.25
0,40,0,0,4.9,25.17072528,0.25
0,40,0,0,4.5,24.37826425,0.18
20.8,40,17.0016,0,4,25.31652872,0.18
20.8,40,17.24448,0.386409903,3.7,25.1843479,0.18
20.8,40,17.16352,33.2507544,3.8,26.62487082,0.18
20.8,40,16.43488,79.83988039,4.7,29.81117736,0.18
0,40,0,108.0105039,5.5,30.97170363,0.18
20.8,40,15.13952,119.1761939,6.3,34.13680928,0.18
20.8,40,14.73472,112.0794943,6.8,35.74185654,0.18
20.8,40,14.81568,108.0475989,6.7,35.04983562,0.25
20.8,40,15.22048,75.40396801,6.2,33.82411841,0.25
0,40,0,8.595882421,5.2,27.72212736,0.25
20.8,40,16.67776,0,4.4,26.60248756,0.25
20.8,40,17.32544,0,3.6,25.23628759,0.25
20.8,40,17.64928,0,3.2,24.50265849,0.25
20.8,40,17.89216,0,2.9,23.73363537,0.25
0,40,0,0,2.6,22.19184135,0.25
0,40,0,0,1.8,21.45912968,0.25
0,40,0,0,1.7,21.1651976,0.25
0,40,0,0,1.9,21.28750883,0.25
0,40,0,0,2,21.40995477,0.25
0,40,0,0,2.1,21.36282284,0.25
0,40,0,0,2.4,21.53829501,0.25
0,40,0,0,2.7,21.87393663,0.25
0,40,0,0,2.7,21.84268756,0.18
0,40,0,0,2.9,22.10348247,0.18
20.8,40,17.64928,0,3.2,23.37595623,0.18
20.8,40,17.64928,0.386420765,3.2,23.88476599,0.18
20.8,40,17.32544,10.12306081,3.6,24.71470141,0.18
20.8,40,16.192,27.85073481,5,26.70444578,0.18
0,40,0,41.01080763,6,27.07956273,0.18
20.8,40,14.49184,46.46718756,7.1,30.46953021,0.18
20.8,40,14.5728,44.41000791,7,30.90178761,0.25
20.8,40,14.24896,35.5617355,7.4,30.96340982,0.25
20.8,40,14.00608,19.31192666,7.7,30.65257679,0.25
0,40,0,4.281462327,7.7,27.76771557,0.25
20.8,40,14.168,0,7.5,29.34400225,0.25
20.8,40,13.92512,0,7.8,30.06297165,0.25
20.8,40,13.92512,0,7.8,29.91846022,0.25
20.8,40,13.92512,0,7.8,29.84916144,0.25
0,40,0,0,7.3,26.91730374,0.25
0,40,0,0,7.2,26.2550023,0.25
0,40,0,0,6.8,25.9445867,0.25
0,40,0,0,7.7,26.35518189,0.25
0,40,0,0,8.2,26.72048727,0.25
0,40,0,0,8.3,26.9416821,0.25
0,40,0,0,8.4,27.16554314,0.25
0,40,0,0,7.6,26.69463055,0.18
0,40,0,0,7.3,26.3732686,0.18
0,40,0,0,7.3,26.32849558,0.18
20.8,40,14.5728,0,7,28.70432387,0.18
20.8,40,14.73472,0,6.8,29.5949504,0.18
20.8,40,14.81568,4.300200644,6.7,30.01642535,0.18
20.8,40,14.81568,13.30817576,6.7,30.43012747,0.18
0,40,0,20.41297973,6.6,28.74632543,0.18
20.8,40,14.5728,47.01270299,7,32.19637979,0.25
20.8,40,14.24896,44.66362947,7.4,33.49520337,0.25
20.8,40,14.32992,35.95238709,7.3,33.37590093,0.25
20.8,40,14.73472,20.14331384,6.8,32.30203419,0.25
0,40,0,5.454216061,6,28.79628116,0.25
20.8,40,15.62528,0,5.7,29.32441009,0.25
20.8,40,15.86816,0,5.4,28.98964079,0.25
20.8,40,16.27296,0,4.9,28.62769081,0.25
20.8,40,16.43488,0,4.7,27.87316841,0.25
0,40,0,0,3.8,25.32246703,0.25
0,40,0,0,3.3,24.28908376,0.25
0,40,0,0,3.3,23.93676627,0.25
0,40,0,0,2.1,25.76241973,0.25
0,40,0,0,2.5,24.66629387,0.25
0,40,0,0,2.4,23.75305105,0.25
0,40,0,0,1.9,23.08800212,0.18
0,40,0,0,2.6,22.61410031,0.18
0,40,0,0,2.4,22.43621842,0.18
0,40,0,0,2.3,22.20163526,0.18
20.8,40,18.13504,0,2.6,23.57141716,0.18
20.8,40,17.97312,0.386444562,2.8,23.79394433,0.18
20.8,40,17.48736,10.52920057,3.4,24.71368136,0.18
20.8,40,17.08256,28.62359325,3.9,26.12172761,0.18
0,40,0,41.78695019,4.5,25.8051487,0.25
20.8,40,16.03008,107.1162966,5.2,31.04062882,0.25
20.8,40,15.54432,93.95101189,5.8,32.27113151,0.25
20.8,40,15.3824,58.76643501,6,31.2701592,0.25
20.8,40,15.30144,20.54444691,6.1,29.60693252,0.25
0,40,0,2.720871681,6.2,26.20673896,0.25
20.8,40,14.9776,0,6.5,27.5711857,0.25
20.8,40,15.22048,0,6.2,27.47289507,0.25
20.8,40,15.13952,0,6.3,27.33687545,0.25
20.8,40,15.13952,0,6.3,27.43163477,0.25
0,40,0,0,7.1,26.04121673,0.25
0,40,0,0,7.2,26.0663441,0.25
0,40,0,0,7.9,26.63884772,0.25
0,40,0,0,8.2,26.94233843,0.25
0,40,0,0,8.3,27.05332433,0.25
0,40,0,0,8.5,27.26619722,0.18
0,40,0,0,9,27.58933999,0.18
0,40,0,0,9,27.69344518,0.18
0,40,0,0,9,27.76411073,0.18
0,40,0,0,8.8,27.69707199,0.18
20.8,40,12.71072,0,9.3,30.84474503,0.18
20.8,40,12.87264,0.386457497,9.1,31.22184917,0.18
20.8,40,13.43936,30.26291503,8.4,31.47692825,0.18
20.8,40,13.27744,82.41394625,8.6,33.64353376,0.25
0,40,0,112.8584285,9,32.63462535,0.25
20.8,40,13.11552,108.1223298,8.8,34.88320718,0.25
20.8,40,13.27744,77.00269079,8.6,34.86697543,0.25
20.8,40,13.43936,37.74788344,8.4,33.19597093,0.25
20.8,40,13.7632,50.8296996,8,32.65724646,0.25
0,40,0,11.59944584,8,29.3006762,0.25
20.8,40,14.41088,0,7.2,30.16827111,0.25
20.8,40,14.9776,0,6.5,29.28254709,0.25
20.8,40,14.65376,0,6.9,29.42843359,0.25
20.8,40,15.22048,0,6.2,29.23889552,0.25
0,40,0,0,6.6,26.72475478,0.25
0,40,0,0,5.5,25.60797619,0.25
0,40,0,0,5.5,25.15908413,0.25
0,40,0,0,5.5,25.1133006,0.25
0,40,0,0,5,25.14545514,0.18
0,40,0,0,4.3,24.92595572,0.18
0,40,0,0,3.8,24.52874117,0.18
0,40,0,0,4.3,24.34485705,0.18
0,40,0,0,5,24.41972,0.18
0,40,0,0,4.8,24.24353416,0.18
20.8,40,16.27296,0,4.9,26.04590241,0.18
20.8,40,16.92064,0.772942244,4.1,25.82453966,0.18
20.8,40,16.67776,11.57040474,4.4,26.13693628,0.25
20.8,40,16.35392,82.43259992,4.8,28.94892997,0.25
0,40,0,119.8331775,5.3,29.91988655,0.25
20.8,40,15.22048,109.3840316,6.2,32.5693922,0.25
20.8,40,15.05856,48.74347234,6.4,31.15043408,0.25
20.8,40,14.9776,38.11370049,6.5,30.42796515,0.25
20.8,40,15.13952,22.20174922,6.3,29.2077611,0.25
0,40,0,3.110499828,6.3,25.95970684,0.25
20.8,40,15.30144,0,6.1,26.96976741,0.25
20.8,40,15.3824,0,6,26.91612695,0.25
20.8,40,15.30144,0,6.1,27.04612754,0.25
20.8,40,14.89664,0,6.6,27.69585356,0.25
0,40,0,0,7.5,26.48634138,0.25
0,40,0,0,7.9,26.59443784,0.25
0,40,0,0,8.1,26.67250051,0.25
0,40,0,0,8.7,27.07887668,0.18
0,40,0,0,6.6,25.74388989,0.18
0,40,0,0,6.5,26.5712503,0.18
0,40,0,0,6.8,26.71899134,0.18
0,40,0,0,8.5,26.98939548,0.18
0,40,0,0,5.1,24.94269284,0.18
0,40,0,0,4.1,24.63201775,0.18
20.8,40,16.192,0,5,26.37241391,0.18
20.8,40,15.22048,0.386485437,6.2,27.56427704,0.25
20.8,40,14.65376,12.08068717,6.9,29.19667421,0.25
20.8,40,14.168,30.26758179,7.5,31.18248387,0.25
0,40,0,22.02996874,7.3,28.87102697,0.25
20.8,40,14.168,25.52901633,7.5,31.47914674,0.25
20.8,40,14.24896,24.70252848,7.4,31.83429706,0.25
20.8,40,14.32992,19.97039931,7.3,31.02384535,0.25
20.8,40,15.13952,11.71522512,6.3,30.73422683,0.25
0,40,0,3.110488564,5.8,27.74507135,0.25
20.8,40,15.70624,0,5.6,28.61060708,0.25
20.8,40,15.7872,0,5.5,28.5996393,0.25
20.8,40,15.7872,0,5.5,28.35439878,0.25
20.8,40,11.09152,0,11.3,32.56440386,0.25
0,40,0,0,8.2,28.1080236,0.25
0,40,0,0,5.5,25.74639104,0.25
0,40,0,0,4.9,24.60971171,0.18
0,40,0,0,5,24.3994798,0.18
0,40,0,0,5.5,24.84558101,0.18
0,40,0,0,5.6,25.42579716,0.18
0,40,0,0,5.6,24.78824387,0.18
0,40,0,0,6.2,24.95645088,0.18
0,40,0,0,5.9,24.93754852,0.18
0,40,0,0,5.4,24.53290673,0.18
20.8,40,15.94912,0,5.3,26.08776664,0.25
20.8,40,15.70624,0.77300088,5.6,26.64461293,0.25
20.8,40,15.46336,29.18583514,5.9,27.64776831,0.25
20.8,40,15.05856,69.76773455,6.4,29.67436532,0.25
0,40,0,106.0317461,7,29.39859669,0.25
20.8,40,14.24896,110.440361,7.4,32.46676161,0.25
20.8,40,14.41088,108.3186319,7.2,32.66466112,0.25
20.8,40,13.92512,106.1503687,7.8,33.4396846,0.25
20.8,40,14.00608,57.44970758,7.7,32.28915311,0.25
0,40,0,23.45321204,7.4,28.19116724,0.25
20.8,40,14.41088,0,7.2,28.71787518,0.25
20.8,40,14.41088,0,7.2,28.68983947,0.25
20.8,40,14.00608,0,7.7,29.13353454,0.25
20.8,40,14.08704,0,7.6,29.1225641,0.25
0,40,0,0,7.6,26.63307389,0.25
0,40,0,0,7.1,25.88800818,0.18
0,40,0,0,6.9,25.4990309,0.18
0,40,0,0,7.1,25.59638893,0.18
0,40,0,0,6.8,25.55231993,0.18
0,40,0,0,6.6,25.44217458,0.18
0,40,0,0,6.6,25.40545017,0.18
0,40,0,0,6.7,25.42030105,0.18
0,40,0,0,6.4,25.22025946,0.18
0,40,0,0,6.4,25.19605693,0.25
20.8,40,14.9776,0,6.5,27.34515207,0.25
20.8,40,15.05856,0.773032258,6.4,27.69843052,0.25
20.8,40,15.13952,30.28839436,6.3,28.48370574,0.25
20.8,40,14.89664,83.03844489,6.6,30.84952393,0.25
0,40,0,118.2521033,7.3,30.67420873,0.25
20.8,40,14.65376,98.27886132,6.9,32.73453394,0.25
20.8,40,14.65376,49.44540395,6.9,31.67034048,0.25
20.8,40,14.65376,40.84154644,6.9,30.74836778,0.25
20.8,40,14.81568,24.24857375,6.7,30.00883618,0.25
0,40,0,6.626252238,6.2,26.85488515,0.25
20.8,40,15.3824,0,6,27.64497607,0.25
20.8,40,15.46336,0,5.9,27.87548833,0.25
20.8,40,15.54432,0,5.8,27.95077459,0.25
20.8,40,15.54432,0,5.8,27.87528901,0.25
0,40,0,0,5.4,26.04118195,0.18
0,40,0,0,5,25.62219368,0.18
0,40,0,0,5.4,25.21927775,0.18
0,40,0,0,5.2,24.94602915,0.18
0,40,0,0,4.8,25.30075096,0.18
0,40,0,0,5,25.1022565,0.18
0,40,0,0,4.5,25.01679972,0.18
0,40,0,0,4.3,25.50431081,0.18
0,40,0,0,4.2,25.44425154,0.25
0,40,0,0,4.3,26.00242237,0.25
20.8,40,16.83968,0,4.2,27.51819407,0.25
20.8,40,16.92064,0.386532503,4.1,29.06976998,0.25
20.8,40,16.75872,5.92529734,4.3,31.53948452,0.25
20.8,40,16.5968,15.32258532,4.5,34.11188069,0.25
0,40,0,45.88301007,4.8,35.17904773,0.25
20.8,40,16.03008,26.72174318,5.2,38.42618441,0.25
20.8,40,15.62528,26.28565887,5.7,38.40286808,0.25
20.8,40,15.70624,21.15190765,5.6,35.80958679,0.25
20.8,40,16.03008,12.89231939,5.2,33.51663073,0.25
0,40,0,3.8902396,4.5,29.55630716,0.25
20.8,40,17.0016,0,4,28.09530413,0.25
20.8,40,17.08256,0,3.9,27.40753497,0.25
20.8,40,17.16352,0,3.8,26.82375602,0.25
20.8,40,17.0016,0,4,26.2122208,0.18
0,40,0,0,4.9,25.52384658,0.18
0,40,0,0,10.1,27.87294845,0.18
0,40,0,0,11,29.04416157,0.18
0,40,0,0,11.1,29.40534232,0.18
0,40,0,0,11.5,29.74886042,0.18
0,40,0,0,11.5,29.82203189,0.18
0,40,0,0,11.7,29.9550131,0.18
0,40,0,0,11.8,30.17264097,0.25
0,40,0,0,11.8,30.18157632,0.25
0,40,0,0,11.9,30.19928228,0.25
20.8,40,10.68672,0,11.8,34.15246497,0.25
20.8,40,11.49632,0.386549558,10.8,34.47567649,0.25
20.8,40,11.7392,5.865901854,10.5,34.09589836,0.25
20.8,40,11.7392,15.73249222,10.5,33.95175789,0.25
0,40,0,23.2195548,9.5,30.27721778,0.25
20.8,40,13.84416,27.11874319,7.9,32.05134048,0.25
20.8,40,14.08704,50.49445899,7.6,33.77796659,0.25
20.8,40,15.54432,21.54585115,5.8,30.31299728,0.25
20.8,40,17.64928,13.28483365,3.2,25.70756162,0.25
0,40,0,3.890221785,3.4,22.82057813,0.25
20.8,40,17.89216,0,2.9,22.70564162,0.25
20.8,40,16.51584,0,4.6,24.57909867,0.25
20.8,40,16.51584,0,4.6,25.14734077,0.18
20.8,40,16.5968,0,4.5,25.34846809,0.18
0,40,0,0,4.8,23.9800425,0.18
0,40,0,0,4.3,23.56013718,0.18
0,40,0,0,3.6,22.6068306,0.18
0,40,0,0,3.8,23.0848836,0.18
0,40,0,0,3.3,22.65240095,0.18
0,40,0,0,3.6,22.67811978,0.18
0,40,0,0,3.5,23.05269319,0.25
0,40,0,0,2.7,22.32859407,0.25
0,40,0,0,1.1,20.90044424,0.25
0,40,0,0,2.5,21.17395676,0.25
20.8,40,19.0256,0,1.5,21.56472495,0.25
20.8,40,18.05408,1.932836469,2.7,23.16097478,0.25
20.8,40,17.48736,45.79227224,3.4,26.572816,0.25
20.8,40,16.67776,93.77340556,4.4,30.45071972,0.25
0,40,0,53.00293808,4.5,28.32390563,0.25
20.8,40,16.92064,27.91966541,4.1,27.82299219,0.25
20.8,40,16.5968,27.47338913,4.5,27.9619855,0.25
20.8,40,16.75872,22.33440888,4.3,27.60226341,0.25
20.8,40,16.83968,14.0704014,4.2,27.78889191,0.25
0,40,0,4.280330732,3.6,24.66587511,0.25
20.8,40,17.48736,0,3.4,24.88375927,0.25
20.8,40,17.56832,0,3.3,24.752349,0.18
20.8,40,17.89216,0,2.9,23.83126586,0.18
20.8,40,19.0256,0,1.5,22.08688183,0.18
0,40,0,0,0.3,20.08022055,0.18
0,40,0,0,1.2,19.9659603,0.18
0,40,0,0,1.6,20.40071533,0.18
0,40,0,0,4,22.33112676,0.18
0,40,0,0,7.4,25.05318624,0.18
0,40,0,0,9.5,27.30602346,0.25
0,40,0,0,9.5,27.95976223,0.25
0,40,0,0,9.8,28.36765315,0.25
0,40,0,0,9.4,28.25932292,0.25
0,40,0,0,9.5,28.194106,0.25
20.8,40,12.62976,0,9.4,31.19596172,0.25
20.8,40,12.9536,0.386585706,9,31.41235644,0.25
20.8,40,13.27744,14.98616027,8.6,31.48501662,0.25
20.8,40,12.9536,16.54781894,9,31.96516563,0.25
0,40,0,48.05879733,8.8,29.76765668,0.25
20.8,40,12.71072,67.89566833,9.3,33.24023982,0.25
20.8,40,12.87264,74.673478,9.1,34.23635655,0.25
20.8,40,12.87264,76.18627625,9.1,34.6719151,0.25
20.8,40,13.19648,66.14479674,8.7,34.20885225,0.25
0,40,0,11.33488397,8.7,29.64611641,0.25
20.8,40,13.60128,0.387622305,8.2,30.475115,0.18
20.8,40,13.68224,0,8.1,30.68028495,0.18
20.8,40,14.00608,0,7.7,30.25345102,0.18
20.8,40,14.41088,0,7.2,29.81032967,0.18
0,40,0,0,7.6,27.43732325,0.18
0,40,0,0,7.5,26.89754908,0.18
0,40,0,0,7.4,26.86172004,0.18
0,40,0,0,7.2,26.65449993,0.18
0,40,0,0,7.2,26.57637669,0.25
0,40,0,0,7.3,26.61847681,0.25
0,40,0,0,7.3,26.42045649,0.25
0,40,0,0,7.7,26.75030265,0.25
0,40,0,0,8,26.94110659,0.25
0,40,0,0,7.8,27.00711438,0.25
20.8,40,14.168,0,7.5,29.4242634,0.25
20.8,40,13.68224,1.933023957,8.1,30.31664909,0.25
20.8,40,13.68224,16.12734987,8.1,31.47698205,0.25
20.8,40,13.27744,34.86083696,8.6,32.58283733,0.25
0,40,0,48.54069814,8.9,31.07714018,0.25
20.8,40,13.7632,28.30812207,8,33.71439205,0.25
20.8,40,12.79168,27.86552469,9.2,34.45912332,0.25
20.8,40,13.19648,23.12267306,8.7,34.5372665,0.25
20.8,40,13.27744,14.4628089,8.6,34.05113547,0.25
0,40,0,8.975717373,8.3,30.95563944,0.18
20.8,40,13.68224,0.38762455,8.1,31.97536361,0.18
20.8,40,14.00608,0,7.7,32.26078987,0.18
20.8,40,14.32992,0,7.3,32.32721464,0.18
20.8,40,14.49184,0,7.1,31.89919673,0.18
0,40,0,0,7.2,29.25785692,0.18
0,40,0,0,6.8,28.16040039,0.18
0,40,0,0,6.2,27.65053662,0.18
0,40,0,0,5.4,26.77419056,0.25
0,40,0,0,5.4,26.38845697,0.25
0,40,0,0,4.7,24.76222836,0.25
0,40,0,0,4.3,23.81503597,0.25
0,40,0,0,4,23.65194784,0.25
0,40,0,0,3.1,23.98308703,0.25
0,40,0,0,2.6,24.43937474,0.25
20.8,40,18.70176,0,1.9,24.80291694,0.25
20.8,40,18.86368,2.31974728,1.7,24.42298965,0.25
20.8,40,19.0256,47.08649116,1.5,29.37859121,0.25
20.8,40,17.56832,91.46386323,3.3,36.21204472,0.25
0,40,0,116.1803099,4.3,39.24445764,0.25
20.8,40,16.03008,132.9154473,5.2,41.9835526,0.25
20.8,40,15.70624,123.3985789,5.6,38.34169282,0.25
20.8,40,15.70624,121.7131692,5.6,37.60667817,0.25
20.8,40,16.03008,97.48862826,5.2,37.07465913,0.18
0,40,0,37.72491641,4.5,31.45068611,0.18
20.8,40,17.24448,0.775860241,3.7,28.90541795,0.18
20.8,40,18.94464,0,1.6,26.93889779,0.18
20.8,40,17.89216,0,2.9,26.48210363,0.18
20.8,40,18.70176,0,1.9,26.72928332,0.18
0,40,0,0,1.2,25.82769133,0.18
0,40,0,0,0.5,26.19150888,0.18
0,40,0,0,0.3,24.79402039,0.25
0,40,0,0,0,23.36708256,0.25
0,40,0,0,0.7,23.45192941,0.25
0,40,0,0,-0.2,23.14563343,0.25
0,40,0,0,0.7,22.67924937,0.25
0,40,0,0,1.8,22.41743444,0.25
0,40,0,0,1.6,22.20144064,0.25
0,40,0,0,2,22.04164903,0.25
20.8,40,18.6208,0,2,22.59719623,0.25
20.8,40,18.45888,0.773289936,2.2,22.89335987,0.25
20.8,40,17.8112,7.513043931,3,23.64562259,0.25
20.8,40,17.4064,17.76020375,3.5,24.64768582,0.25
0,40,0,25.63008199,2.9,23.2283619,0.25
20.8,40,17.56832,29.5031693,3.3,24.49682746,0.25
20.8,40,17.16352,55.45208547,3.8,26.20718838,0.25
20.8,40,16.75872,24.30601039,4.3,26.07822148,0.18
20.8,40,16.27296,15.64174978,4.9,26.3020505,0.18
0,40,0,5.45147832,5.1,24.65412053,0.18
20.8,40,15.7872,0.387636996,5.5,26.15547697,0.18
20.8,40,15.62528,0,5.7,26.78129231,0.18
20.8,40,15.3824,0,6,27.24362099,0.18
20.8,40,15.13952,0,6.3,27.66893314,0.18
0,40,0,0,6.5,25.75750067,0.18
0,40,0,0,6.4,25.31989933,0.25
0,40,0,0,6,24.90212982,0.25
0,40,0,0,5.6,26.45985331,0.25
0,40,0,0,5.3,27.17387717,0.25
0,40,0,0,5.2,27.41648451,0.25
0,40,0,0,5.4,28.53722471,0.25
0,40,0,0,5.7,29.349373,0.25
0,40,0,0,6,28.88608331,0.25
0,40,0,0,5.7,29.42598619,0.25
20.8,40,15.46336,0,5.9,31.01864975,0.25
20.8,40,15.62528,0.770452101,5.7,31.11522356,0.25
20.8,40,15.54432,7.90836573,5.8,31.6799969,0.25
20.8,40,15.13952,18.53291765,6.3,33.14375494,0.25
0,40,0,26.34602642,6.8,32.37196104,0.25
20.8,40,14.49184,60.06611493,7.1,36.22550174,0.25
20.8,40,14.32992,56.38350655,7.3,36.43548956,0.18
20.8,40,14.32992,48.14421558,7.3,35.90125234,0.18
20.8,40,14.24896,31.42430356,7.4,34.84426661,0.18
0,40,0,11.28843535,7.1,31.17729769,0.18
20.8,40,14.5728,0.772940383,7,31.33553899,0.18
20.8,40,14.65376,0,6.9,30.89193704,0.18
20.8,40,14.5728,0,7,30.78118842,0.18
20.8,40,14.65376,0,6.9,30.65299673,0.18
0,40,0,0,6.9,28.20113047,0.25
0,40,0,0,6.7,27.92876582,0.25
0,40,0,0,6.6,27.86447622,0.25
0,40,0,0,6.7,27.90285404,0.25
0,40,0,0,6.6,27.86897955,0.25
0,40,0,0,6.8,27.96240202,0.25
0,40,0,0,6.7,27.95400175,0.25
0,40,0,0,6.5,28.42262228,0.25
0,40,0,0,6.2,28.52191517,0.25
0,40,0,0,6,27.80835519,0.25
20.8,40,15.22048,0,6.2,29.32300468,0.25
20.8,40,15.30144,1.15574337,6.1,29.98652578,0.25
20.8,40,15.22048,8.329592638,6.2,30.76654519,0.25
20.8,40,15.05856,39.05164857,6.4,33.14864423,0.25
0,40,0,52.50943333,7,34.36979269,0.25
20.8,40,14.24896,59.2240861,7.4,38.89368615,0.18
20.8,40,14.168,30.12736405,7.5,38.54312126,0.18
20.8,40,13.84416,49.07549623,7.9,39.75018669,0.18
20.8,40,13.92512,32.39436883,7.8,39.12574637,0.18
0,40,0,11.67924131,6.9,34.00979681,0.18
20.8,40,15.22048,0.772931851,6.2,32.33115784,0.18
20.8,40,15.62528,0,5.7,30.18406049,0.18
20.8,40,15.86816,0,5.4,29.0478442,0.18
20.8,40,15.70624,0,5.6,29.28349929,0.25
0,40,0,0,5.6,27.41751867,0.25
0,40,0,0,5.7,26.63167864,0.25
0,40,0,0,5.9,26.87554447,0.25
0,40,0,0,6.1,27.14753445,0.25
0,40,0,0,6.6,27.14957124,0.25
0,40,0,0,6.7,27.19730209,0.25
0,40,0,0,6.9,27.33707011,0.25
0,40,0,0,6.4,28.08198909,0.25
0,40,0,0,6.1,27.70388356,0.25
0,40,0,0,5.4,26.63876089,0.25
20.8,40,15.22048,0,6.2,28.82863035,0.25
20.8,40,14.81568,1.155810545,6.7,29.89551705,0.25
20.8,40,14.49184,21.05657712,7.1,31.22529626,0.25
20.8,40,14.168,39.25474185,7.5,32.51920209,0.25
0,40,0,53.46817094,7.7,31.68272295,0.18
20.8,40,14.08704,46.00082623,7.6,33.69967412,0.18
20.8,40,14.168,30.51958597,7.5,33.04090723,0.18
20.8,40,14.00608,50.04200488,7.7,33.3283308,0.18
20.8,40,13.92512,33.2037502,7.8,33.23546905,0.18
0,40,0,12.46211768,7.7,29.90977587,0.18
20.8,40,14.00608,0.772929833,7.7,31.10682679,0.18
20.8,40,13.7632,0,8,31.18679885,0.18
20.8,40,13.52032,0,8.3,31.22929759,0.25
20.8,40,13.60128,0,8.2,31.13125592,0.25
0,40,0,0,8.9,28.81150313,0.25
0,40,0,0,8.8,28.33235749,0.25
0,40,0,0,9,28.35587612,0.25
0,40,0,0,8.8,28.25164956,0.25
0,40,0,0,8.8,28.2106168,0.25
0,40,0,0,8.7,28.31280413,0.25
0,40,0,0,8.7,28.57820555,0.25
0,40,0,0,9,28.87148499,0.25
0,40,0,0,8.7,28.80142669,0.25
0,40,0,0,8.9,28.65520503,0.25
20.8,40,13.11552,0,8.8,30.83311818,0.25
20.8,40,13.11552,1.155879659,8.8,31.34124505,0.25
20.8,40,12.9536,9.166964314,9,31.79223631,0.25
20.8,40,12.71072,40.30326379,9.3,33.45234746,0.18
0,40,0,27.52893561,9.6,30.55045762,0.18
20.8,40,12.144,62.94149188,10,34.38078875,0.18
20.8,40,12.22496,45.57799732,9.9,34.32158494,0.18
20.8,40,12.30592,26.18250184,9.8,33.57468311,0.18
20.8,40,12.30592,75.93011251,9.8,34.926633,0.18
0,40,0,31.03836769,9.8,30.9171335,0.18
20.8,40,12.06304,1.160060692,10.1,32.65144496,0.18
20.8,40,12.30592,0,9.8,32.56357058,0.25
20.8,40,12.144,0,10,33.23683992,0.25
20.8,40,12.87264,0,9.1,32.14764502,0.25
0,40,0,0,8.1,27.86243508,0.25
0,40,0,0,7.8,26.73422578,0.25
0,40,0,0,8,26.5400422,0.25
0,40,0,0,7.4,26.08311665,0.25
0,40,0,0,7.3,25.93924137,0.25
0,40,0,0,7.4,25.90501853,0.25
0,40,0,0,7.4,25.89738631,0.25
0,40,0,0,7.3,25.76459445,0.25
0,40,0,0,7.3,25.85023154,0.25
0,40,0,0,8,26.22676281,0.25
20.8,40,17.24448,0,3.7,24.72387969,0.25
20.8,40,15.22048,2.311901392,6.2,26.86585591,0.25
20.8,40,14.89664,60.0094954,6.6,29.82924589,0.18
20.8,40,14.9776,114.4695041,6.5,31.35547335,0.18
0,40,0,62.09923062,6.7,28.5351059,0.18
20.8,40,14.65376,116.0829345,6.9,32.0400419,0.18
20.8,40,14.65376,137.1736768,6.9,33.58641834,0.18
20.8,40,15.05856,104.0421048,6.4,32.8381028,0.18
20.8,40,15.22048,79.95569653,6.2,31.62147217,0.18
0,40,0,32.88686929,6,27.74772184,0.18
20.8,40,15.54432,2.323822906,5.8,27.86497996,0.25
20.8,40,16.51584,0,4.6,26.46006285,0.25
20.8,40,15.94912,0,5.3,26.53802889,0.25
20.8,40,15.94912,0,5.3,26.57476182,0.25
0,40,0,0,4.2,24.16022924,0.25
0,40,0,0,3.2,22.54415822,0.25
0,40,0,0,3.2,21.91056994,0.25
0,40,0,0,3.7,22.65574154,0.25
0,40,0,0,3.8,22.88678286,0.25
0,40,0,0,3.5,22.89918305,0.25
0,40,0,0,4.2,23.21052523,0.25
0,40,0,0,4.1,23.25958014,0.25
0,40,0,0,4.1,23.4130168,0.25
0,40,0,0,4.3,23.60017522,0.25
20.8,40,16.75872,0,4.3,25.04823834,0.25
20.8,40,17.89216,5.009435758,2.9,26.30735374,0.18
20.8,40,17.0016,23.70172972,4,26.97312264,0.18
20.8,40,17.24448,42.77268884,3.7,27.30801584,0.18
0,40,0,57.11775791,4,26.50335051,0.18
20.8,40,15.94912,63.76353032,5.3,30.16083764,0.18
20.8,40,16.03008,61.94735233,5.2,30.27387629,0.18
20.8,40,16.67776,53.46172103,4.4,28.79890974,0.18
20.8,40,18.53984,36.71010599,2.1,26.47710187,0.18
0,40,0,14.8127734,2.7,24.61983026,0.25
20.8,40,17.8112,1.547490311,3,27.14956592,0.25
20.8,40,17.8112,0,3,26.5375937,0.25
20.8,40,17.4064,0,3.5,26.54849193,0.25
20.8,40,17.08256,0,3.9,26.89742599,0.25
0,40,0,0,4.1,24.665721,0.25
0,40,0,0,2.9,24.25642418,0.25
0,40,0,0,2.2,26.93400799,0.25
0,40,0,0,2.3,27.04422911,0.25
0,40,0,0,4.4,24.45477588,0.25
0,40,0,0,3.6,22.81755564,0.25
0,40,0,0,3.4,22.20330236,0.25
0,40,0,0,2.4,21.52672182,0.25
0,40,0,0,0.8,20.11677484,0.25
0,40,0,0,1.5,20.93270513,0.25
20.8,40,19.18752,0,1.3,22.51469414,0.18
20.8,40,18.6208,5.395126157,2,24.03343532,0.18
20.8,40,17.97312,24.5883382,2.8,25.91795603,0.18
20.8,40,17.24448,110.4381924,3.7,30.37796942,0.18
0,40,0,29.53204369,0.2,24.4966993,0.18
20.8,40,19.67328,33.75574578,0.7,24.55009811,0.18
20.8,40,19.34944,62.68468011,1.1,23.49785474,0.18
20.8,40,18.13504,54.34321391,2.6,25.5970591,0.18
20.8,40,19.4304,37.6846929,1,23.5720136,0.25
0,40,0,25.39979527,2.4,23.05167259,0.25
20.8,40,18.45888,1.54744612,2.2,22.71919509,0.25
20.8,40,19.34944,0,1.1,21.03210019,0.25
20.8,40,18.78272,0,1.8,21.75089953,0.25
20.8,40,20.15904,0,0.1,20.87750294,0.25
0,40,0,0,0.6,21.82896421,0.25
0,40,0,0,1.9,21.51453406,0.25
0,40,0,0,2.2,21.94626554,0.25
0,40,0,0,2.1,21.6677507,0.25
0,40,0,0,2.4,21.7399558,0.25
0,40,0,0,2.2,21.6477009,0.25
0,40,0,0,0.8,20.9017795,0.25
0,40,0,0,1.9,21.29995176,0.25
0,40,0,0,0.9,21.39489138,0.25
0,40,0,0,0.9,20.87917429,0.18
20.8,40,19.4304,0,1,22.68773627,0.18
20.8,40,19.4304,3.083133739,1,23.12333101,0.18
20.8,40,20.07808,64.02770793,0.2,24.62112132,0.18
20.8,40,18.70176,44.62596296,1.9,27.33772023,0.18
0,40,0,59.30924592,2,27.61160975,0.18
20.8,40,18.53984,65.93265222,2.1,28.30818088,0.18
20.8,40,18.05408,91.5818389,2.7,36.49267608,0.18
20.8,40,18.45888,55.37450495,2.2,35.34437214,0.25
20.8,40,18.216,62.29372959,2.5,30.51931094,0.25
0,40,0,54.56549759,0.9,26.85912265,0.25
20.8,40,19.8352,3.100528894,0.5,23.79332101,0.25
20.8,40,20.15904,0,0.1,21.95166607,0.25
20.8,40,19.99712,0,0.3,22.4599577,0.25
20.8,40,20.96864,0,-0.9,21.81148084,0.25
0,40,0,0,-0.4,22.80336414,0.25
0,40,0,0,-1.5,21.85713735,0.25
0,40,0,0,-0.6,20.67580307,0.25
0,40,0,0,-0.7,21.11508603,0.25
0,40,0,0,-2.6,21.48034791,0.25
0,40,0,0,-2.9,24.26296478,0.25
0,40,0,0,-2.9,25.50481148,0.25
0,40,0,0,-5.4,26.47891036,0.25
0,40,0,0,-4.4,27.43277718,0.18
0,40,0,0,-3.3,24.65533914,0.18
20.8,40,24.85472,0,-5.7,22.50722614,0.18
20.8,40,22.50688,6.937522108,-2.8,24.68628415,0.18
20.8,40,21.4544,81.68120277,-1.5,31.00717262,0.18
20.8,40,21.53536,126.2243942,-1.6,44.62768597,0.18
0,40,0,151.8532167,1.1,50.05150629,0.18
20.8,40,18.29696,156.3437399,2.4,49.33801463,0.18
20.8,40,17.64928,145.5601462,3.2,52.8682359,0.25
20.8,40,17.64928,147.4748204,3.2,50.26911369,0.25
20.8,40,17.89216,88.5924038,2.9,41.7182752,0.25
0,40,0,71.16676192,2.2,37.01689259,0.25
20.8,40,19.0256,4.658476184,1.5,30.97771762,0.25
20.8,40,19.51136,0,0.9,26.05270679,0.25
20.8,40,19.4304,0,1,24.07993153,0.25
20.8,40,19.75424,0,0.6,22.53649173,0.25
0,40,0,0,-0.2,21.51422637,0.25
0,40,0,0,0.5,22.99793071,0.25
0,40,0,0,-0.6,21.75253378,0.25
0,40,0,0,1,21.26308186,0.25
0,40,0,0,0.8,22.21581671,0.25
0,40,0,0,-0.4,21.49333557,0.25
0,40,0,0,0.2,20.44209052,0.25
0,40,0,0,-0.1,20.77856398,0.18
0,40,0,0,0.1,21.66895018,0.18
0,40,0,0,-0.7,22.67667513,0.18
20.8,40,21.37344,0,-1.4,25.35713763,0.18
20.8,40,21.61632,8.094338261,-1.7,24.80135259,0.18
20.8,40,21.0496,82.23164643,-1,31.19037445,0.18
20.8,40,19.75424,121.3121237,0.6,39.7123975,0.18
0,40,0,152.5106258,1.9,54.71695194,0.18
20.8,40,19.0256,139.9244004,1.5,40.85654563,0.25
20.8,40,17.16352,131.0191483,3.8,42.94358825,0.25
20.8,40,18.94464,126.3984186,1.6,34.35387187,0.25
20.8,40,18.6208,95.0517849,2,38.92938985,0.25
0,40,0,39.06542847,2.8,34.58146431,0.25
20.8,40,18.6208,3.488915369,2,30.16378881,0.25
20.8,40,19.59232,0,0.8,25.64903357,0.25
20.8,40,20.80672,0,-0.7,23.17359543,0.25
20.8,40,20.24,0,0,22.83342916,0.25
0,40,0,0,-1.5,21.72732877,0.25
0,40,0,0,-0.2,21.28511567,0.25
0,40,0,0,0.6,21.57264626,0.25
0,40,0,0,0.6,21.73647294,0.25
0,40,0,0,-0.1,22.01743677,0.25
0,40,0,0,-0.8,21.79778158,0.25
0,40,0,0,-2.1,20.98932136,0.18
0,40,0,0,-2.1,20.5641512,0.18
0,40,0,0,-2.9,19.96783853,0.18
0,40,0,0,-3.6,19.3076893,0.18
20.8,40,22.83072,0,-3.2,19.29262536,0.18
20.8,40,22.83072,8.865857428,-3.2,19.2618189,0.18
20.8,40,20.6448,79.33698668,-0.5,26.5034923,0.18
20.8,40,19.18752,127.2485314,1.3,35.08092681,0.18
0,40,0,149.7500235,2.1,35.9904456,0.25
20.8,40,18.13504,160.8220846,2.6,40.05105283,0.25
20.8,40,17.89216,148.6122536,2.9,39.27700039,0.25
20.8,40,18.13504,151.6426143,2.6,40.56301751,0.25
20.8,40,18.37792,107.5232312,2.3,38.3159553,0.25
0,40,0,18.7619705,1,31.48671837,0.25
20.8,40,20.07808,3.099743,0.2,28.46381954,0.25
20.8,40,20.72576,0,-0.6,28.41251621,0.25
20.8,40,21.21152,0,-1.2,28.36019331,0.25
20.8,40,21.37344,0,-1.4,28.2757346,0.25
0,40,0,0,-2,28.29457902,0.25
0,40,0,0,-2.8,29.08657373,0.25
0,40,0,0,-3.9,29.4079552,0.25
0,40,0,0,-3.8,28.36259502,0.25
0,40,0,0,-4.3,27.37395783,0.25
0,40,0,0,-4.6,26.62481355,0.18
0,40,0,0,-4.7,26.11894584,0.18
0,40,0,0,-5.3,25.60398139,0.18
0,40,0,0,-5.2,25.29726109,0.18
0,40,0,0,-5,25.18244742,0.18
20.8,40,24.36896,0,-5.1,21.04139269,0.18
20.8,40,23.72128,8.866500818,-4.3,22.61395062,0.18
20.8,40,22.264,81.64064583,-2.5,33.45179909,0.18
20.8,40,21.13056,132.4001855,-1.1,47.85292368,0.25
0,40,0,158.2376358,0.4,46.93373389,0.25
20.8,40,19.4304,162.9504487,1,51.63666535,0.25
20.8,40,19.26848,151.0808211,1.2,45.16534499,0.25
20.8,40,19.34944,154.3452108,1.1,44.8539534,0.25
20.8,40,19.4304,136.9381761,1,48.11513144,0.25
0,40,0,85.57395513,0,44.75112239,0.25
20.8,40,21.13056,6.218055364,-1.1,35.20571122,0.25
20.8,40,22.18304,0,-2.4,31.18914746,0.25
20.8,40,22.10208,0,-2.3,29.32199412,0.25
20.8,40,21.77824,0,-1.9,24.38030585,0.25
0,40,0,0,-3.2,24.93263878,0.25
0,40,0,0,-3.9,25.39672752,0.25
0,40,0,0,-4.1,25.62670188,0.25
0,40,0,0,-4.5,23.07170617,0.25
0,40,0,0,-5.6,20.97524902,0.18
0,40,0,0,-5.4,18.7731609,0.18
0,40,0,0,-6,17.39377099,0.18
0,40,0,0,-6.2,17.68291548,0.18
0,40,0,0,-7,19.53321183,0.18
0,40,0,0,-6.4,17.79472059,0.18
20.8,40,25.58336,0,-6.6,15.6972106,0.18
20.8,40,25.42144,13.8112648,-6.4,18.59413564,0.18
20.8,40,23.0736,86.02666256,-3.5,31.03035572,0.25
20.8,40,22.02112,138.0344466,-2.2,35.65815915,0.25
0,40,0,164.0883285,-0.9,40.31116307,0.25
20.8,40,20.32096,167.9033024,-0.1,47.96953761,0.25
20.8,40,19.59232,155.4872478,0.8,60.67822232,0.25
20.8,40,18.94464,159.7237897,1.6,70.43706457,0.25
20.8,40,19.67328,139.6584034,0.7,62.77034005,0.25
0,40,0,90.52336848,0.2,52.52616876,0.25
20.8,40,21.29248,6.999186162,-1.3,38.87042273,0.25
20.8,40,21.8592,0,-2,30.07336989,0.25
20.8,40,21.94016,0,-2.1,25.61316574,0.25
20.8,40,22.6688,0,-3,25.06861474,0.25
0,40,0,0,-3.4,25.89669725,0.25
0,40,0,0,-3.2,26.29696888,0.25
0,40,0,0,-4.1,26.21483241,0.25
0,40,0,0,-4.8,25.87717928,0.18
0,40,0,0,-5.7,25.32425351,0.18
0,40,0,0,-6.3,25.90273826,0.18
0,40,0,0,-5.8,25.39339576,0.18
0,40,0,0,-7.1,25.72337106,0.18
0,40,0,0,-7.9,25.81144037,0.18
0,40,0,0,-8.4,25.70321513,0.18
20.8,40,26.312,0,-7.5,22.1980812,0.18
20.8,40,24.44992,16.59075624,-5.2,24.0311452,0.25
20.8,40,22.50688,87.40688852,-2.8,30.35818191,0.25
20.8,40,21.13056,139.0436345,-1.1,39.62861548,0.25
0,40,0,164.6110247,-0.2,42.79908618,0.25
20.8,40,19.10656,165.7840136,1.4,45.52486783,0.25
20.8,40,18.05408,148.2647068,2.7,43.49496408,0.25
20.8,40,18.86368,67.36810982,1.7,36.46156983,0.25
20.8,40,19.0256,44.86564269,1.5,33.18406355,0.25
0,40,0,21.6447446,2,28.58252863,0.25
20.8,40,18.6208,1.935011281,2,26.33725285,0.25
20.8,40,18.86368,0,1.7,24.37488336,0.25
20.8,40,19.18752,0,1.3,23.24312255,0.25
20.8,40,19.67328,0,0.7,21.70148437,0.25
0,40,0,0,0.6,20.89639765,0.25
0,40,0,0,0.6,20.70503101,0.25
0,40,0,0,0.7,20.71756373,0.18
0,40,0,0,1,20.91497013,0.18
0,40,0,0,1,20.998606,0.18
0,40,0,0,1.1,21.37557925,0.18
0,40,0,0,1,21.4839629,0.18
0,40,0,0,1.1,21.96834674,0.18
0,40,0,0,1.3,22.87282181,0.18
0,40,0,0,1.1,25.77055894,0.18
20.8,40,19.51136,0,0.9,28.36869714,0.25
20.8,40,19.26848,3.084699281,1.2,28.04678545,0.25
20.8,40,19.0256,13.95843667,1.5,27.38826231,0.25
20.8,40,19.0256,25.30445604,1.5,27.8230981,0.25
0,40,0,33.88397987,1.7,28.08770536,0.25
20.8,40,18.29696,38.08015987,2.4,30.08452906,0.25
20.8,40,17.64928,71.81944883,3.2,32.38551908,0.25
20.8,40,16.92064,32.51498358,4.1,30.88930369,0.25
20.8,40,17.0016,23.42980014,4,29.46405318,0.25
0,40,0,11.67175939,3.7,26.59745162,0.25
20.8,40,17.64928,1.935031482,3.2,26.11068358,0.25
20.8,40,17.56832,0,3.3,25.38859446,0.25
20.8,40,17.56832,0,3.3,25.09414426,0.25
20.8,40,17.64928,0,3.2,24.90517587,0.25
0,40,0,0,4,24.11526459,0.25
0,40,0,0,4.5,24.12354784,0.18
0,40,0,0,5.1,24.53581457,0.18
0,40,0,0,5.1,24.37317894,0.18
0,40,0,0,5.5,24.44463085,0.18
0,40,0,0,5.9,24.85992743,0.18
0,40,0,0,6,24.9573021,0.18
0,40,0,0,6.2,25.11419383,0.18
0,40,0,0,6.3,25.23465225,0.18
0,40,0,0,6.6,25.37353467,0.25
20.8,40,15.13952,0,6.3,27.73984156,0.25
20.8,40,15.13952,22.04051632,6.3,28.93170996,0.25
20.8,40,15.05856,31.58691758,6.4,29.32922911,0.25
20.8,40,15.05856,122.7334253,6.4,32.42169722,0.25
0,40,0,161.5845425,6.7,32.00598387,0.25
20.8,40,14.9776,168.7123432,6.5,33.94221352,0.25
20.8,40,14.9776,155.107816,6.5,34.65648017,0.25
20.8,40,15.05856,156.1920407,6.4,35.22700098,0.25
20.8,40,15.3824,133.8931234,6,33.87308647,0.25
0,40,0,85.4810045,5.9,30.13061894,0.25
20.8,40,15.7872,8.561303265,5.5,28.41667996,0.25
20.8,40,15.46336,0,5.9,27.59064935,0.25
20.8,40,15.22048,0,6.2,27.52808922,0.25
20.8,40,15.3824,0,6,27.29002455,0.25
0,40,0,0,6.1,25.08133853,0.18
0,40,0,0,5.7,24.28810889,0.18
0,40,0,0,5.7,24.14424704,0.18
0,40,0,0,5.4,23.90454407,0.18
0,40,0,0,5.4,23.89240995,0.18
0,40,0,0,1.5,21.60611546,0.18
0,40,0,0,2.8,21.33424559,0.18
0,40,0,0,2.9,21.43754498,0.18
0,40,0,0,1.7,20.93665195,0.25
0,40,0,0,0.4,19.88157998,0.25
20.8,40,19.67328,0,0.7,19.94546247,0.25
20.8,40,19.59232,23.13770028,0.8,20.6358592,0.25
20.8,40,18.78272,90.50741708,1.8,24.60976482,0.25
20.8,40,18.13504,135.5481293,2.6,28.81456618,0.25
0,40,0,160.3369202,3,30.39323051,0.25
20.8,40,18.94464,152.4419427,1.6,30.49174035,0.25
20.8,40,17.32544,128.2988332,3.6,30.42383319,0.25
20.8,40,17.56832,122.8148349,3.3,30.26778253,0.25
20.8,40,17.08256,136.8245159,3.9,31.83452849,0.25
0,40,0,60.21689941,3.6,27.25757688,0.25
20.8,40,17.64928,7.385598486,3.2,25.35236852,0.25
20.8,40,18.78272,0,1.8,22.67428384,0.25
20.8,40,17.97312,0,2.8,23.21373426,0.25
20.8,40,17.73024,0,3.1,24.15309778,0.18
0,40,0,0,3,23.26308011,0.18
0,40,0,0,3.2,23.87610046,0.18
0,40,0,0,3.3,24.27869103,0.18
0,40,0,0,2.9,23.79550726,0.18
0,40,0,0,2.4,24.26614106,0.18
0,40,0,0,1.5,26.78527243,0.18
0,40,0,0,1.9,26.77022202,0.18
0,40,0,0,1.9,26.57933206,0.25
0,40,0,0,1.8,25.31643428,0.25
0,40,0,0,2.1,25.78495057,0.25
20.8,40,18.53984,0,2.1,28.98415386,0.25
20.8,40,18.29696,3.471117885,2.4,29.27255501,0.25
20.8,40,17.8112,15.55533077,3,30.69416587,0.25
20.8,40,17.0016,54.01364933,4,35.56412326,0.25
0,40,0,69.10340069,4.8,38.42818373,0.25
20.8,40,15.86816,75.8795392,5.4,40.43417039,0.25
20.8,40,16.03008,75.11838186,5.2,38.65987027,0.25
20.8,40,16.03008,34.09279511,5.2,35.21194249,0.25
20.8,40,15.70624,25.00324085,5.6,33.4105591,0.25
0,40,0,12.84442594,5.6,29.90837066,0.25
20.8,40,15.86816,2.710842282,5.4,30.02177265,0.25
20.8,40,16.11104,0,5.1,29.33499884,0.25
20.8,40,15.94912,0,5.3,29.19255244,0.18
20.8,40,15.3824,0,6,30.38650649,0.18
0,40,0,0,7.5,28.98361864,0.18
0,40,0,0,7.6,28.41598843,0.18
0,40,0,0,7.5,28.56778791,0.18
0,40,0,0,7.5,27.94136323,0.18
0,40,0,0,7.7,28.08374009,0.18
0,40,0,0,7.6,28.11761876,0.18
0,40,0,0,7.7,28.57933909,0.25
0,40,0,0,7.5,27.95839452,0.25
0,40,0,0,7.7,27.79784666,0.25
0,40,0,0,8.2,28.06177531,0.25
20.8,40,13.60128,0,8.2,30.50693132,0.25
20.8,40,13.60128,4.239007933,8.2,30.79212319,0.25
20.8,40,13.19648,15.46627377,8.7,31.70247301,0.25
20.8,40,12.9536,27.27000388,9,32.91699519,0.25
0,40,0,35.85303921,9,30.44522998,0.25
20.8,40,12.9536,40.03708602,9,33.07259042,0.25
20.8,40,12.87264,39.53369433,9.1,33.71538595,0.25
20.8,40,12.62976,34.48582529,9.4,34.22854981,0.25
20.8,40,12.71072,25.00290635,9.3,33.70185863,0.25
0,40,0,13.23548017,9.1,30.56059702,0.25
20.8,40,13.03456,2.710862442,8.9,32.28379184,0.25
20.8,40,13.43936,0,8.4,32.22434926,0.18
20.8,40,13.84416,0,7.9,32.52134751,0.18
20.8,40,14.168,0,7.5,33.04299117,0.18
0,40,0,0,6.2,31.06385792,0.18
0,40,0,0,4.5,29.96399621,0.18
0,40,0,0,4.1,29.24462549,0.18
0,40,0,0,4.9,29.2411228,0.18
0,40,0,0,4.2,28.97362822,0.18
0,40,0,0,4.3,27.76086712,0.25
0,40,0,0,4.5,26.09258391,0.25
0,40,0,0,4.9,26.03313652,0.25
0,40,0,0,4.7,25.97729459,0.25
0,40,0,0,4.9,26.06493561,0.25
20.8,40,17.64928,0,3.2,26.41038536,0.25
20.8,40,16.43488,30.60526894,4.7,29.44111132,0.25
20.8,40,15.22048,34.84825122,6.2,32.37058496,0.25
20.8,40,14.5728,55.84517167,7,33.86916493,0.25
0,40,0,71.09303975,7.7,32.48115831,0.25
20.8,40,14.49184,77.86959606,7.1,34.65008143,0.25
20.8,40,14.41088,77.1021062,7.2,35.18345335,0.25
20.8,40,14.41088,67.79094541,7.2,34.37699093,0.25
20.8,40,14.65376,50.35798231,6.9,33.05762981,0.25
0,40,0,26.53011037,6.3,29.24561246,0.25
20.8,40,15.70624,5.432462387,5.6,29.10723581,0.18
20.8,40,15.86816,0,5.4,28.07341776,0.18
20.8,40,15.7872,0,5.5,28.02302781,0.18
20.8,40,15.94912,0,5.3,27.8515664,0.18
0,40,0,0,5.4,26.28092397,0.18
0,40,0,0,5.7,25.6492077,0.18
0,40,0,0,5.9,26.45124786,0.18
0,40,0,0,5.9,26.16853517,0.18
0,40,0,0,6.1,26.13834867,0.25
0,40,0,0,5.9,25.59006218,0.25
0,40,0,0,5.9,25.55993654,0.25
0,40,0,0,5.8,25.32165727,0.25
0,40,0,0,5.9,25.29550094,0.25
0,40,0,0,6,25.35830518,0.25
20.8,40,15.3824,0,6,27.44507097,0.25
20.8,40,15.22048,4.525987095,6.2,28.47509947,0.25
20.8,40,15.13952,16.67707788,6.3,29.42944896,0.25
20.8,40,15.54432,28.46058714,5.8,29.81601802,0.25
0,40,0,37.44195866,5.4,28.09153137,0.25
20.8,40,15.86816,41.61125538,5.4,30.89585725,0.25
20.8,40,14.49184,77.82326163,7.1,32.55921684,0.25
20.8,40,14.65376,68.40980545,6.9,32.4692058,0.25
20.8,40,14.32992,51.15589436,7.3,32.1845759,0.25
0,40,0,27.34061485,7.1,28.66660156,0.18
20.8,40,14.89664,22.0292746,6.6,29.3028893,0.18
20.8,40,15.54432,0,5.8,27.79248328,0.18
20.8,40,15.05856,0,6.4,28.28204807,0.18
20.8,40,16.92064,0,4.1,25.79898317,0.18
0,40,0,0,5,24.54653359,0.18
0,40,0,0,5,23.93394146,0.18
0,40,0,0,5,23.61177038,0.18
0,40,0,0,4.5,23.32274605,0.25
0,40,0,0,4.5,23.02427407,0.25
0,40,0,0,3.9,22.64708809,0.25
0,40,0,0,3,21.988136,0.25
0,40,0,0,2.8,21.83355884,0.25
0,40,0,0,3.3,22.03361243,0.25
0,40,0,0,3.7,22.47791875,0.25
20.8,40,17.24448,0,3.7,24.09538835,0.25
20.8,40,17.0016,19.16326899,4,25.008533,0.25
20.8,40,18.53984,36.73565619,2.1,23.92522515,0.25
20.8,40,17.0016,58.23854406,4,26.36424907,0.25
0,40,0,73.44618991,3.5,26.03328636,0.25
20.8,40,17.73024,80.5491212,3.1,27.34411546,0.25
20.8,40,16.51584,109.9117345,4.6,29.15891511,0.25
20.8,40,15.94912,130.6798697,5.3,30.97242457,0.25
20.8,40,16.92064,79.51533485,4.1,28.5707345,0.18
0,40,0,28.57640093,3.8,25.19336698,0.18
20.8,40,17.56832,6.211245541,3.3,24.30715476,0.18
20.8,40,17.73024,0,3.1,23.37207953,0.18
20.8,40,17.24448,0,3.7,24.04528629,0.18
20.8,40,16.5968,0,4.5,24.6538327,0.18
0,40,0,0,3.3,22.84121453,0.18
0,40,0,0,3.1,22.079983,0.18
0,40,0,0,3.5,22.44565943,0.25
0,40,0,0,1.8,21.11873127,0.25
0,40,0,0,3.1,21.83730473,0.25
0,40,0,0,4.2,22.67131845,0.25
0,40,0,0,3.3,22.56459103,0.25
0,40,0,0,2.8,21.83181776,0.25
0,40,0,0,4,22.49332414,0.25
0,40,0,0,3.5,22.50841445,0.25
20.8,40,17.8112,0.384858874,3,23.4299014,0.25
20.8,40,17.73024,12.83976745,3.1,24.14994437,0.25
20.8,40,16.27296,62.02516356,4.9,28.6782629,0.25
20.8,40,15.30144,115.8574976,6.1,33.23341683,0.25
0,40,0,156.1252369,6.3,34.43452848,0.25
20.8,40,15.05856,162.0047429,6.4,36.84962322,0.25
20.8,40,15.86816,111.1366251,5.4,34.48412239,0.25
20.8,40,15.22048,132.3157082,6.2,35.77526313,0.18
20.8,40,15.22048,131.7144927,6.2,36.28686318,0.18
0,40,0,69.7457376,5.6,31.99087811,0.18
20.8,40,16.03008,6.600804744,5.2,29.44649873,0.18
20.8,40,16.83968,0,4.2,27.29822137,0.18
20.8,40,16.5968,0,4.5,26.56780695,0.18
20.8,40,16.67776,0,4.4,26.49201317,0.18
0,40,0,0,3.6,24.40917166,0.18
0,40,0,0,3.9,24.32753309,0.25
0,40,0,0,3.5,24.55374677,0.25
0,40,0,0,2.3,24.6225091,0.25
0,40,0,0,1.9,23.79503303,0.25
0,40,0,0,0.6,23.31403181,0.25
0,40,0,0,0.4,22.99905036,0.25
0,40,0,0,0.6,23.90625598,0.25
0,40,0,0,0.3,23.31570161,0.25
0,40,0,0,0.9,25.85405389,0.25
20.8,40,18.94464,0.384892359,1.6,26.93422907,0.25
20.8,40,18.78272,13.84106669,1.8,30.79657875,0.25
20.8,40,17.32544,78.13243654,3.6,42.01134068,0.25
20.8,40,16.5968,145.1724976,4.5,57.95181213,0.25
0,40,0,172.0134881,6,55.24206725,0.25
20.8,40,16.03008,146.442285,5.2,49.75425372,0.25
20.8,40,15.86816,154.8533833,5.4,47.40846927,0.18
20.8,40,15.62528,150.9095944,5.7,44.462738,0.18
20.8,40,16.75872,113.1758592,4.3,41.67077536,0.18
0,40,0,65.46753007,4.5,36.17439921,0.18
20.8,40,16.51584,12.80625905,4.6,32.58348279,0.18
20.8,40,17.48736,0,3.4,28.83804144,0.18
20.8,40,19.18752,0,1.3,26.20508568,0.18
20.8,40,19.18752,0,1.3,26.25632786,0.18
0,40,0,0,0.9,27.55884609,0.25
0,40,0,0,0.9,26.6524795,0.25
0,40,0,0,-0.1,27.68649513,0.25
0,40,0,0,-0.1,29.5468604,0.25
0,40,0,0,-0.3,29.78927456,0.25
0,40,0,0,-0.6,29.69488831,0.25
0,40,0,0,-0.6,27.04030625,0.25
0,40,0,0,-0.9,23.99518142,0.25
0,40,0,0,-0.4,22.76120449,0.25
0,40,0,0,-0.1,22.42874881,0.25
20.8,40,19.34944,0.769852615,1.1,22.98440735,0.25
20.8,40,19.0256,19.47275199,1.5,24.61731344,0.25
20.8,40,18.37792,39.71728728,2.3,26.55414799,0.25
20.8,40,17.8112,61.69761067,3,29.11597677,0.25
0,40,0,77.06088435,4.1,29.63417798,0.25
20.8,40,15.46336,83.21903589,5.9,32.77786318,0.18
20.8,40,15.7872,82.42437842,5.5,32.17227362,0.18
20.8,40,15.62528,38.03399589,5.7,30.11720807,0.18
20.8,40,15.94912,28.54427058,5.3,28.90574715,0.18
0,40,0,16.36709186,5.3,26.25110225,0.18
20.8,40,15.94912,3.875971797,5.3,27.15401518,0.18
20.8,40,15.86816,0,5.4,27.04181473,0.18
20.8,40,15.7872,0,5.5,27.06339326,0.18
20.8,40,15.62528,0,5.7,27.42435849,0.25
0,40,0,0,6,25.62791583,0.25
0,40,0,0,6.1,25.33476558,0.25
0,40,0,0,5.9,25.15056982,0.25
0,40,0,0,5.7,24.95937142,0.25
0,40,0,0,6.2,25.22453264,0.25
0,40,0,0,6.5,25.52710339,0.25
0,40,0,0,6.8,25.82915612,0.25
0,40,0,0,7,26.06378019,0.25
0,40,0,0,7.1,26.08612344,0.25
0,40,0,0,7.2,26.27429326,0.25
20.8,40,14.24896,0.384960707,7.4,28.96717499,0.25
20.8,40,14.00608,6.480717149,7.7,30.25678018,0.25
20.8,40,13.92512,19.44821211,7.8,31.26550582,0.25
20.8,40,13.7632,31.21690201,8,31.99761023,0.25
0,40,0,40.18603279,7.8,29.76995066,0.18
20.8,40,13.52032,44.3486149,8.3,32.90775629,0.18
20.8,40,13.84416,43.83214709,7.9,32.97264173,0.18
20.8,40,14.00608,38.42641513,7.7,32.52205949,0.18
20.8,40,13.60128,28.93953448,8.2,32.76896869,0.18
0,40,0,16.7588415,7.8,29.36284815,0.18
20.8,40,14.00608,4.264621274,7.7,30.77043361,0.18
20.8,40,14.00608,0,7.7,31.05550856,0.18
20.8,40,14.168,0,7.5,30.66260768,0.25
20.8,40,14.168,0,7.5,30.7681643,0.25
0,40,0,0,7.4,28.2013802,0.25
0,40,0,0,7.1,27.44400083,0.25
0,40,0,0,5.6,25.83054477,0.25
0,40,0,0,5.5,25.58539756,0.25
0,40,0,0,5.4,25.48494344,0.25
0,40,0,0,5.5,25.8025877,0.25
0,40,0,0,5.6,25.7144108,0.25
0,40,0,0,5.4,25.83793198,0.25
0,40,0,0,5.2,25.23274335,0.25
0,40,0,0,5.1,25.15002606,0.25
20.8,40,16.11104,0.384995543,5.1,26.9722747,0.25
20.8,40,16.03008,6.860440131,5.2,27.50333419,0.25
20.8,40,15.7872,19.82206361,5.5,28.49586584,0.25
20.8,40,15.3824,32.01711672,6,29.8659612,0.18
0,40,0,40.5723446,6.2,28.4210094,0.18
20.8,40,14.9776,45.13330864,6.5,31.1565419,0.18
20.8,40,14.65376,44.22228673,6.9,33.33951462,0.18
20.8,40,14.5728,39.21533035,7,33.36725505,0.18
20.8,40,14.24896,29.33549868,7.4,33.17959688,0.18
0,40,0,17.15067018,7.6,30.52871567,0.18
20.8,40,14.168,8.550567647,7.5,31.98657438,0.18
20.8,40,14.41088,0,7.2,31.45362767,0.25
20.8,40,14.81568,0,6.7,30.71320625,0.25
20.8,40,15.22048,0,6.2,29.61898565,0.25
0,40,0,0,6,27.67256506,0.25
0,40,0,0,5.9,26.85056627,0.25
0,40,0,0,5.9,26.56505321,0.25
0,40,0,0,6,25.99087256,0.25
0,40,0,0,5.7,25.57954821,0.25
0,40,0,0,6,25.44519644,0.25
0,40,0,0,5.8,25.45876224,0.25
0,40,0,0,5.6,25.34263241,0.25
0,40,0,0,5.6,25.29520617,0.25
0,40,0,0,5.2,24.83908805,0.25
20.8,40,16.03008,1.925154011,5.2,27.00409357,0.25
20.8,40,15.46336,49.82185609,5.9,30.52229069,0.25
20.8,40,14.5728,100.68117,7,34.63286332,0.18
20.8,40,13.92512,152.3224014,7.8,37.61640558,0.18
0,40,0,185.405346,8.6,37.7202883,0.18
20.8,40,12.9536,181.9469582,9,41.18994577,0.18
20.8,40,12.87264,85.18885432,9.1,38.00454574,0.18
20.8,40,12.30592,149.7311446,9.8,40.26250016,0.18
20.8,40,12.22496,160.3444231,9.9,40.02731196,0.18
0,40,0,117.3274841,9.4,35.01090226,0.18
20.8,40,13.11552,22.72273138,8.8,33.28156062,0.25
20.8,40,13.3584,0,8.5,31.43584758,0.25
20.8,40,13.27744,0,8.6,30.87478123,0.25
20.8,40,13.19648,0,8.7,30.67802496,0.25
0,40,0,0,8.8,27.95088131,0.25
0,40,0,0,8.9,27.33251205,0.25
0,40,0,0,9.2,27.51475362,0.25
0,40,0,0,9.5,27.97116705,0.25
0,40,0,0,9.8,28.43469447,0.25
0,40,0,0,10,28.63226046,0.25
0,40,0,0,10.1,28.94315682,0.25
0,40,0,0,10.1,28.94544612,0.25
0,40,0,0,10.1,28.76959186,0.25
0,40,0,0,9.6,28.44458666,0.25
20.8,40,12.38688,0.379306471,9.7,31.65843212,0.25
20.8,40,12.46784,18.50408205,9.6,32.98806284,0.18
20.8,40,12.144,68.09912921,10,34.77652641,0.18
20.8,40,11.90112,144.7277957,10.3,38.03190424,0.18
0,40,0,186.8120932,10.7,37.51089064,0.18
20.8,40,10.9296,186.2155474,11.5,41.07798792,0.18
20.8,40,11.25344,84.43542794,11.1,38.79724892,0.18
20.8,40,11.57728,39.80274533,10.7,36.67502522,0.18
20.8,40,13.03456,61.42494418,8.9,34.47958873,0.18
0,40,0,34.31434127,8,29.30938289,0.25
20.8,40,14.49184,9.577831189,7.1,29.41017386,0.25
20.8,40,14.9776,0,6.5,28.36687505,0.25
20.8,40,15.13952,0,6.3,27.7467992,0.25
20.8,40,15.3824,0,6,27.43794269,0.25
0,40,0,0,5.9,25.29695794,0.25
0,40,0,0,5.8,24.89142681,0.25
0,40,0,0,6,24.84104796,0.25
0,40,0,0,5.1,24.46219166,0.25
0,40,0,0,5,24.37331775,0.25
0,40,0,0,5.3,24.57796137,0.25
0,40,0,0,5,24.60751813,0.25
0,40,0,0,4.2,24.38175608,0.25
0,40,0,0,3.9,24.10002684,0.25
0,40,0,0,4.3,24.01015708,0.25
20.8,40,16.5968,2.655397738,4.5,25.638297,0.18
20.8,40,15.94912,58.57761057,5.3,28.68520971,0.18
20.8,40,15.22048,119.6444961,6.2,32.42759106,0.18
20.8,40,14.49184,166.9903287,7.1,36.16935736,0.18
0,40,0,189.8045418,7.6,35.53839734,0.18
20.8,40,13.84416,192.2176004,7.9,37.91946776,0.18
20.8,40,13.7632,180.0548503,8,38.72085859,0.18
20.8,40,13.60128,184.7466466,8.2,39.17038133,0.18
20.8,40,13.60128,166.8961512,8.2,38.70965218,0.25
0,40,0,111.0716292,7.7,34.09372354,0.25
20.8,40,14.5728,10.34784495,7,31.73437326,0.25
20.8,40,15.05856,0.761476524,6.4,29.6070068,0.25
20.8,40,15.86816,0,5.4,28.76269987,0.25
20.8,40,16.192,0,5,27.83274961,0.25
0,40,0,0,7.3,26.50264945,0.25
0,40,0,0,6.9,25.94278001,0.25
0,40,0,0,6.5,25.74487629,0.25
0,40,0,0,6.5,25.56579811,0.25
0,40,0,0,6.9,25.58749994,0.25
0,40,0,0,6.8,25.53067057,0.25
0,40,0,0,6.9,25.50270252,0.25
0,40,0,0,7.4,25.77748047,0.25
0,40,0,0,7.9,26.28146601,0.25
0,40,0,0,9.1,27.16143601,0.18
20.8,40,12.144,0.758757954,10,31.12309067,0.18
20.8,40,13.60128,8.744737859,8.2,30.96496497,0.18
20.8,40,14.168,21.87562209,7.5,30.62170433,0.18
20.8,40,14.32992,33.87782872,7.3,30.93793634,0.18
0,40,0,42.69484911,7.7,29.0021562,0.18
20.8,40,13.43936,46.78009213,8.4,32.03659375,0.18
20.8,40,13.03456,46.26267629,8.9,32.68052297,0.18
20.8,40,13.3584,79.86926529,8.5,33.54447257,0.25
20.8,40,12.9536,60.8381343,9,34.02259323,0.25
0,40,0,35.89571931,8.6,29.46454711,0.25
20.8,40,13.27744,11.11826144,8.6,30.54421203,0.25
20.8,40,13.27744,0.380441166,8.6,30.60084156,0.25
20.8,40,14.00608,0,7.7,29.68177736,0.25
20.8,40,14.49184,0,7.1,28.99425559,0.25
0,40,0,0,6.8,26.25228044,0.25
0,40,0,0,6.4,25.39032528,0.25
0,40,0,0,7,25.56056417,0.25
0,40,0,0,6.5,25.31964752,0.25
0,40,0,0,6.3,25.09615881,0.25
0,40,0,0,6.1,24.97955972,0.25
0,40,0,0,5.7,24.67309715,0.25
0,40,0,0,5.7,24.47994009,0.25
0,40,0,0,5.8,24.57933057,0.18
0,40,0,0,5.9,24.68723155,0.18
20.8,40,15.30144,0.75883157,6.1,26.94144624,0.18
20.8,40,15.62528,22.06353183,5.7,27.73022785,0.18
20.8,40,15.54432,22.67391109,5.8,28.24930606,0.18
20.8,40,15.86816,34.67477705,5.4,28.43647324,0.18
0,40,0,43.4721274,5,26.69085726,0.18
20.8,40,16.03008,47.55152722,5.2,28.41447742,0.18
20.8,40,15.62528,46.64680737,5.7,29.85528082,0.25
20.8,40,15.22048,41.35174735,6.2,30.59045902,0.25
20.8,40,15.05856,32.03626543,6.4,31.39105887,0.25
0,40,0,37.04884469,6.4,29.70923762,0.25
20.8,40,15.3824,11.88906079,6,30.22391016,0.25
20.8,40,16.192,0.380452235,5,28.5753363,0.25
20.8,40,17.0016,0,4,27.61623203,0.25
20.8,40,18.05408,0,2.7,26.90880548,0.25
0,40,0,0,2.8,25.64317179,0.25
0,40,0,0,2.4,25.11118713,0.25
0,40,0,0,2.8,24.4833524,0.25
0,40,0,0,3,24.31428738,0.25
0,40,0,0,3.4,25.05261657,0.25
0,40,0,0,2.3,24.89371951,0.25
0,40,0,0,2.1,24.01470798,0.25
0,40,0,0,2.8,23.98325856,0.18
0,40,0,0,4.3,24.19995488,0.18
0,40,0,0,4.6,24.47789665,0.18
20.8,40,16.75872,3.794529429,4.3,26.48371069,0.18
20.8,40,16.11104,67.56597571,5.1,32.06549693,0.18
20.8,40,15.13952,126.0428294,6.3,37.77781913,0.18
20.8,40,14.9776,148.8085008,6.5,40.07174025,0.18
0,40,0,186.0090932,7,39.87432522,0.18
20.8,40,15.05856,197.2806299,6.4,41.98197278,0.25
20.8,40,14.5728,173.6600397,7,41.22883318,0.25
20.8,40,14.9776,146.2424333,6.5,39.8667464,0.25
20.8,40,14.73472,142.8771077,6.8,39.50887504,0.25
0,40,0,121.9028124,6.1,37.87789448,0.25
20.8,40,16.03008,49.00782739,5.2,35.11845844,0.25
20.8,40,17.32544,1.524811418,3.6,32.62786991,0.25
20.8,40,17.89216,0,2.9,30.78317559,0.25
20.8,40,18.45888,0,2.2,29.34673974,0.25
0,40,0,0,1.6,29.56243213,0.25
0,40,0,0,0,30.82089351,0.25
0,40,0,0,-0.3,27.88955046,0.25
0,40,0,0,0.1,26.16568099,0.25
0,40,0,0,-0.7,27.0842186,0.25
0,40,0,0,-1.5,27.6672622,0.25
0,40,0,0,-2,26.39006155,0.18
0,40,0,0,-2.5,26.66233167,0.18
0,40,0,0,-1.9,23.46952152,0.18
0,40,0,0,-1.8,23.67070105,0.18
20.8,40,21.53536,4.553885217,-1.6,22.20019199,0.18
20.8,40,20.96864,80.71849526,-0.9,27.44454336,0.18
20.8,40,19.75424,128.0002649,0.6,32.77473659,0.18
20.8,40,17.97312,172.025141,2.8,36.17750327,0.18
0,40,0,195.1171752,5.1,38.70109458,0.25
20.8,40,15.05856,197.5848123,6.4,41.6651445,0.25
20.8,40,14.81568,180.1553189,6.7,41.87446204,0.25
20.8,40,14.41088,168.0705428,7.2,41.77393619,0.25
20.8,40,14.5728,127.0387423,7,40.09315515,0.25
0,40,0,61.6422223,7.1,34.53995698,0.25
20.8,40,15.3824,13.04548372,6,33.11055919,0.25
20.8,40,16.67776,1.142824332,4.4,30.01841223,0.25
20.8,40,17.32544,0,3.6,27.3961648,0.25
20.8,40,17.64928,0,3.2,26.03856466,0.25
0,40,0,0,2.4,23.8628396,0.25
0,40,0,0,2.1,23.45802135,0.25
0,40,0,0,1.3,22.92248315,0.25
0,40,0,0,1.1,22.13470344,0.25
0,40,0,0,0.2,21.70464933,0.25
0,40,0,0,-0.7,21.02968205,0.18
0,40,0,0,0.6,20.76171503,0.18
0,40,0,0,-0.8,20.56717437,0.18
0,40,0,0,-1.5,20.09328068,0.18
0,40,0,0,-1.9,20.25515553,0.18
20.8,40,21.69728,5.313395429,-1.8,20.43412434,0.18
20.8,40,20.56384,73.00258628,-0.4,25.2844956,0.18
20.8,40,19.26848,131.5583472,1.2,31.02883721,0.18
20.8,40,17.97312,175.7584652,2.8,39.04585586,0.25
0,40,0,201.2359048,3.8,43.5428555,0.25
20.8,40,16.67776,203.3171981,4.4,43.36977431,0.25
20.8,40,16.192,190.5450516,5,44.27300131,0.25
20.8,40,16.192,192.5387726,5,43.17834089,0.25
20.8,40,15.7872,100.3155355,5.5,39.9255849,0.25
0,40,0,62.55268632,5.3,33.44575729,0.25
20.8,40,16.192,52.88821571,5,34.11840997,0.25
20.8,40,17.48736,1.906817921,3.4,29.81482147,0.25
20.8,40,18.70176,0,1.9,27.15062289,0.25
20.8,40,19.0256,0,1.5,25.7653408,0.25
0,40,0,0,1.2,25.36419477,0.25
0,40,0,0,1.1,25.42007312,0.25
0,40,0,0,0.9,25.39295175,0.25
0,40,0,0,-0.2,26.90403279,0.25
0,40,0,0,-0.7,27.87616206,0.18
0,40,0,0,-1.9,25.53349278,0.18
0,40,0,0,-2.1,27.08814909,0.18
0,40,0,0,-2.5,28.47800973,0.18
0,40,0,0,-2.5,28.29150028,0.18
0,40,0,0,-2.3,28.08795979,0.18
20.8,40,22.42592,5.693495361,-2.7,25.00975237,0.18
20.8,40,20.24,74.40256478,0,31.35836143,0.18
20.8,40,18.70176,132.9652409,1.9,41.71233879,0.25
20.8,40,17.32544,179.756896,3.6,52.7925772,0.25
0,40,0,201.9096528,5.7,60.10517656,0.25
20.8,40,14.65376,201.3268071,6.9,54.31793767,0.25
20.8,40,14.00608,192.9335914,7.7,51.09358852,0.25
20.8,40,14.5728,197.6685253,7,51.63902789,0.25
20.8,40,14.41088,180.2436474,7.2,51.52902131,0.25
0,40,0,136.3774347,6.5,45.83797612,0.25
20.8,40,15.86816,59.8310766,5.4,45.35903733,0.25
20.8,40,17.8112,2.289218723,3,41.78861522,0.25
20.8,40,18.53984,0,2.1,38.61648616,0.25
20.8,40,18.6208,0,2,37.98974707,0.25
0,40,0,0,1,31.95669476,0.25
0,40,0,0,-0.2,30.67036561,0.25
0,40,0,0,-0.7,27.44256039,0.25
0,40,0,0,-0.8,24.20692502,0.18
0,40,0,0,-0.9,23.67664872,0.18
0,40,0,0,0.4,23.1711025,0.18
0,40,0,0,-0.4,23.53350333,0.18
0,40,0,0,0,22.94817304,0.18
0,40,0,0,-0.7,22.24710909,0.18
0,40,0,0,0.3,22.41935618,0.18
20.8,40,20.6448,3.036838048,-0.5,22.41776873,0.18
20.8,40,19.4304,26.67333596,1,26.62276657,0.25
20.8,40,18.45888,52.06555592,2.2,30.2710354,0.25
20.8,40,17.0016,108.5024363,4,37.39134243,0.25
0,40,0,129.6764983,6,39.5608794,0.25
20.8,40,14.41088,166.4046912,7.2,42.56024984,0.25
20.8,40,14.5728,175.3474641,7,43.48954276,0.25
20.8,40,14.41088,153.7563263,7.2,42.92307668,0.25
20.8,40,16.43488,34.77044464,4.7,35.4509039,0.25
0,40,0,21.53707019,5.1,29.50307909,0.25
20.8,40,16.11104,8.037424114,5.1,28.78143995,0.25
20.8,40,16.43488,0.761458215,4.7,27.98654391,0.25
20.8,40,17.64928,0,3.2,26.77451881,0.25
20.8,40,17.97312,0,2.8,25.51335871,0.25
0,40,0,0,2.7,23.53333598,0.25
0,40,0,0,2.6,22.90300143,0.25
0,40,0,0,2.6,22.4819258,0.18
0,40,0,0,2.6,22.33507423,0.18
0,40,0,0,2.9,22.30333269,0.18
0,40,0,0,3.5,22.68486598,0.18
0,40,0,0,3.7,22.96282054,0.18
0,40,0,0,4.1,23.17444691,0.18
0,40,0,0,3.9,22.98758662,0.18
0,40,0,0,4.1,23.04865404,0.18
20.8,40,16.75872,1.898217121,4.3,24.42191957,0.25
20.8,40,17.0016,12.18107276,4,24.77734874,0.25
20.8,40,16.43488,26.16112776,4.7,25.95969142,0.25
20.8,40,16.192,38.55581112,5,27.00455321,0.25
0,40,0,46.93943103,5.6,26.39205551,0.25
20.8,40,15.05856,51.00768896,6.4,29.21019828,0.25
20.8,40,14.24896,50.10259844,7.4,30.84755945,0.25
20.8,40,14.00608,44.83627272,7.7,31.84846366,0.25
20.8,40,12.79168,34.76600314,9.2,33.25647961,0.25
0,40,0,42.78468292,7.9,30.05713387,0.25
20.8,40,13.3584,15.74711001,8.5,32.01348542,0.25
20.8,40,13.43936,1.524421337,8.4,31.52218188,0.25
20.8,40,13.84416,0,7.9,30.58922577,0.25
20.8,40,14.73472,0,6.8,29.55576152,0.25
0,40,0,0,6,26.22214623,0.25
0,40,0,0,5.1,24.69061564,0.18
0,40,0,0,5,24.44620311,0.18
0,40,0,0,5.3,24.22693722,0.18
0,40,0,0,4.9,23.79248814,0.18
0,40,0,0,4.9,23.74058692,0.18
0,40,0,0,4.7,23.42769609,0.18
0,40,0,0,4.5,23.11695847,0.18
0,40,0,0,4.3,22.95316791,0.18
0,40,0,0,4.3,22.9839631,0.25
20.8,40,17.08256,7.213964566,3.9,24.23577891,0.25
20.8,40,16.75872,78.40711857,4.3,27.4064633,0.25
20.8,40,16.35392,131.0705091,4.8,30.67582165,0.25
20.8,40,16.11104,79.85659118,5.1,30.31563568,0.25
0,40,0,158.6394761,5.4,30.70539716,0.25
20.8,40,15.54432,98.22557998,5.8,31.77692911,0.25
20.8,40,15.70624,95.91568022,5.6,31.94790889,0.25
20.8,40,15.30144,124.7794517,6.1,33.48347531,0.25
20.8,40,14.89664,134.0727529,6.6,35.3469943,0.25
0,40,0,131.2192312,6.5,34.1852477,0.25
20.8,40,15.62528,38.14312784,5.7,32.78702469,0.25
20.8,40,16.35392,3.054352639,4.8,29.76550939,0.25
20.8,40,16.51584,0,4.6,28.17512328,0.25
20.8,40,17.64928,0,3.2,26.3324829,0.25
0,40,0,0,4,24.90659847,0.18
0,40,0,0,4,24.31517605,0.18
0,40,0,0,4.9,24.94731569,0.18
0,40,0,0,4,24.69414881,0.18
0,40,0,0,4.1,24.34226134,0.18
0,40,0,0,4.2,24.26397563,0.18
0,40,0,0,4.3,24.30631862,0.18
0,40,0,0,4.4,24.67686982,0.18
0,40,0,0,5,24.91380379,0.25
0,40,0,0,4.7,24.81546136,0.25
20.8,40,16.75872,2.278329018,4.3,25.92895991,0.25
20.8,40,16.43488,13.34624285,4.7,26.70882889,0.25
20.8,40,15.94912,27.32138818,5.3,27.84234386,0.25
20.8,40,15.3824,39.71226731,6,28.83931207,0.25
0,40,0,48.48849517,5.5,27.10041513,0.25
20.8,40,15.22048,52.54566866,6.2,29.25113114,0.25
20.8,40,14.81568,51.63677233,6.7,29.85720191,0.25
20.8,40,13.92512,168.6167554,7.8,36.50946023,0.25
20.8,40,14.00608,181.3608738,7.7,39.2835514,0.25
0,40,0,130.6801491,6.7,34.41504377,0.25
20.8,40,15.3824,68.13064808,6,32.88239658,0.25
20.8,40,16.11104,3.820890078,5.1,29.26895331,0.25
20.8,40,16.11104,0,5.1,27.52498882,0.25
20.8,40,16.11104,0,5.1,26.8041948,0.18
0,40,0,0,4.6,24.6473748,0.18
0,40,0,0,4.5,24.2683819,0.18
0,40,0,0,4.9,24.00106862,0.18
0,40,0,0,4.3,23.97436042,0.18
0,40,0,0,4.3,23.97344679,0.18
0,40,0,0,3.5,23.70594636,0.18
0,40,0,0,4,23.87453737,0.18
0,40,0,0,3.4,23.91503762,0.25
0,40,0,0,4.2,24.11513079,0.25
0,40,0,0,4,24.18462589,0.25
20.8,40,17.0016,4.177369677,4,25.50382002,0.25
20.8,40,17.4064,77.92810133,3.5,30.84172983,0.25
20.8,40,16.27296,133.6173311,4.9,34.42026723,0.25
20.8,40,16.35392,165.0326442,4.8,35.96278007,0.25
0,40,0,200.5265985,5.4,36.57029086,0.25
20.8,40,15.3824,196.8824005,6,39.16303744,0.25
20.8,40,15.3824,179.2244026,6,40.26441632,0.25
20.8,40,15.3824,158.7603092,6,39.71665613,0.25
20.8,40,15.62528,159.4094433,5.7,39.20008324,0.25
0,40,0,128.4334791,5.8,34.94306749,0.25
20.8,40,15.7872,53.15704065,5.5,33.49080887,0.25
20.8,40,16.35392,3.053828543,4.8,30.69363738,0.25
20.8,40,16.92064,0,4.1,28.11107494,0.18
20.8,40,16.51584,0,4.6,27.22321932,0.18
0,40,0,0,2.4,24.74224815,0.18
0,40,0,0,2.5,24.05329008,0.18
0,40,0,0,3.5,25.76987369,0.18
0,40,0,0,3,25.00019321,0.18
0,40,0,0,2.6,24.31034197,0.18
0,40,0,0,2.5,23.52276758,0.18
0,40,0,0,2.8,23.77153579,0.25
0,40,0,0,2.8,23.93400085,0.25
0,40,0,0,2.7,23.94504138,0.25
0,40,0,0,2.8,23.26544573,0.25
20.8,40,17.56832,4.5576055,3.3,24.75236489,0.25
20.8,40,16.75872,63.97071492,4.3,28.43538061,0.25
20.8,40,14.73472,134.8357284,6.8,35.27465223,0.25
20.8,40,14.32992,82.06620286,7.3,35.914771,0.25
0,40,0,94.25366665,7.9,33.72221051,0.25
20.8,40,13.43936,53.69507759,8.4,34.0500946,0.25
20.8,40,13.3584,52.78706683,8.5,34.1818596,0.25
20.8,40,13.3584,47.15649539,8.5,34.35159145,0.25
20.8,40,12.71072,74.8929613,9.3,34.94331258,0.25
0,40,0,46.37961642,9.3,31.9231858,0.25
20.8,40,12.9536,9.959675115,9,32.4912308,0.25
20.8,40,13.19648,1.142850231,8.7,32.07985949,0.18
20.8,40,13.27744,0,8.6,31.77616825,0.18
20.8,40,12.9536,0,9,31.93697076,0.18
0,40,0,0,8,28.47775071,0.18
0,40,0,0,7.5,27.33374319,0.18
0,40,0,0,7.7,26.99126894,0.18
0,40,0,0,7.9,27.17565722,0.18
0,40,0,0,6.9,26.80199491,0.18
0,40,0,0,7,26.70748225,0.25
0,40,0,0,7.3,26.54757508,0.25
0,40,0,0,6.5,26.11849662,0.25
0,40,0,0,6.3,26.01149246,0.25
0,40,0,0,6.3,25.80199026,0.25
20.8,40,14.73472,4.937922882,6.8,28.38464405,0.25
20.8,40,14.168,32.26238392,7.5,30.67500515,0.25
20.8,40,13.3584,58.3169766,8.5,32.80701594,0.25
20.8,40,12.79168,41.64762999,9.2,33.58161012,0.25
0,40,0,98.04242652,10.2,33.29438743,0.25
20.8,40,11.49632,103.8402051,10.8,37.36322652,0.25
20.8,40,11.65824,100.7772031,10.6,37.97783372,0.25
20.8,40,11.57728,92.67504414,10.7,38.25058383,0.25
20.8,40,11.41536,37.8896563,10.9,37.59125095,0.25
0,40,0,24.63533152,10.7,33.08129011,0.25
20.8,40,12.06304,10.34442111,10.1,34.9688796,0.18
20.8,40,12.30592,1.142885202,9.8,34.23802889,0.18
20.8,40,12.71072,0,9.3,33.13515371,0.18
20.8,40,12.71072,0,9.3,32.76114468,0.18
0,40,0,0,9.1,29.44635133,0.18
0,40,0,0,9.3,28.69678725,0.18
0,40,0,0,9.6,28.60085549,0.18
0,40,0,0,9.6,28.70950639,0.18
0,40,0,0,6.6,26.48382655,0.25
0,40,0,0,5.4,25.50962595,0.25
0,40,0,0,4.9,24.88178593,0.25
0,40,0,0,4.7,24.34982935,0.25
0,40,0,0,4.6,24.28248163,0.25
0,40,0,0,3.4,23.76100323,0.25
20.8,40,16.83968,9.117123656,4.2,26.00420675,0.25
20.8,40,16.11104,84.3917758,5.1,30.02689714,0.25
20.8,40,14.5728,115.1116168,7,33.88335278,0.25
20.8,40,14.65376,84.90279209,6.9,33.55021242,0.25
0,40,0,96.79558668,8.3,32.76663242,0.25
20.8,40,13.3584,104.6073277,8.5,34.93204749,0.25
20.8,40,13.3584,101.6627649,8.5,35.54321709,0.25
20.8,40,16.43488,93.45635512,4.7,33.081356,0.25
20.8,40,15.86816,73.97633561,5.4,31.36202054,0.25
0,40,0,48.14445285,5.9,27.5508648,0.18
20.8,40,15.30144,61.56158415,6.1,28.98402297,0.18
20.8,40,15.13952,3.43625173,6.3,28.21852813,0.18
20.8,40,17.73024,0,3.1,24.90926711,0.18
20.8,40,16.83968,0,4.2,25.4291213,0.18
0,40,0,0,5.6,24.65127581,0.18
0,40,0,0,5,24.28184776,0.18
0,40,0,0,4.9,23.91898214,0.18
0,40,0,0,5,24.07329491,0.25
0,40,0,0,4.8,24.15662489,0.25
0,40,0,0,4.4,24.107714,0.25
0,40,0,0,4.4,24.08487102,0.25
0,40,0,0,3.9,23.76100749,0.25
0,40,0,0,3.4,23.54947678,0.25
0,40,0,0,3.4,23.47245398,0.25
20.8,40,17.0016,9.877926047,4,25.48682136,0.25
20.8,40,16.27296,68.25931838,4.9,29.43758476,0.25
20.8,40,14.9776,89.92553886,6.5,33.36593874,0.25
20.8,40,16.11104,119.6188833,5.1,34.69474851,0.25
0,40,0,137.6897102,7.7,35.80799748,0.25
20.8,40,13.19648,144.2983139,8.7,39.56036255,0.25
20.8,40,13.03456,168.5058573,8.9,41.63387149,0.25
20.8,40,13.60128,198.3157297,8.2,42.82895917,0.25
20.8,40,13.7632,190.4750346,8,43.80985773,0.18
0,40,0,138.7871674,7.7,39.02021738,0.18
20.8,40,14.65376,73.50441758,6.9,36.54499032,0.18
20.8,40,15.7872,5.738788838,5.5,31.94791032,0.18
20.8,40,16.83968,0,4.2,31.07169872,0.18
20.8,40,16.51584,0,4.6,29.40238012,0.18
0,40,0,0,5.7,27.07496156,0.18
0,40,0,0,5.7,26.15922638,0.18
0,40,0,0,4.7,25.5689203,0.25
0,40,0,0,3.5,24.63305113,0.25
0,40,0,0,3.5,24.23456805,0.25
0,40,0,0,3.3,23.66765422,0.25
0,40,0,0,3.1,23.61991792,0.25
0,40,0,0,3.2,23.68292275,0.25
0,40,0,0,2.9,23.53643429,0.25
0,40,0,0,2.8,23.40795455,0.25
20.8,40,17.16352,12.59144796,3.8,25.68017452,0.25
20.8,40,16.67776,35.09831435,4.4,28.00574253,0.25
20.8,40,16.11104,61.91447392,5.1,31.49549179,0.25
20.8,40,14.5728,84.02465973,7,35.29744936,0.25
0,40,0,99.12124217,6,33.24326411,0.25
20.8,40,15.30144,106.3163904,6.1,37.08994893,0.25
20.8,40,14.49184,140.1177738,7.1,38.86735025,0.25
20.8,40,14.49184,95.41390035,7.1,37.42553636,0.18
20.8,40,14.5728,113.1846656,7,39.991737,0.18
0,40,0,100.5692729,6.5,36.17819787,0.18
20.8,40,15.3824,76.01822806,6,39.46822294,0.18
20.8,40,16.27296,5.353784864,4.9,36.70760175,0.18
20.8,40,17.16352,0,3.8,32.03432322,0.18
20.8,40,17.08256,0,3.9,29.85337386,0.18
0,40,0,0,3.3,27.1222869,0.18
0,40,0,0,3.7,26.41041259,0.25
0,40,0,0,3.1,25.87658879,0.25
0,40,0,0,2.1,25.11214254,0.25
0,40,0,0,2.2,23.6701614,0.25
0,40,0,0,1.7,23.18676933,0.25
0,40,0,0,1.5,23.50668012,0.25
0,40,0,0,1.1,23.50188451,0.25
0,40,0,0,1.2,23.53199122,0.25
0,40,0,0,2,23.96254842,0.25
20.8,40,18.05408,9.185683358,2.7,26.31795667,0.25
20.8,40,16.92064,35.69465371,4.1,29.32360634,0.25
20.8,40,16.27296,62.60160957,4.9,32.90441664,0.25
20.8,40,14.9776,85.1892126,6.5,37.22613933,0.25
0,40,0,99.88289757,7.2,36.64722471,0.25
20.8,40,14.00608,107.6834313,7.7,41.53533218,0.25
20.8,40,14.49184,104.4170574,7.1,47.96956943,0.18
20.8,40,14.00608,96.41065816,7.7,51.45843318,0.18
20.8,40,12.9536,76.96603636,9,45.11689235,0.18
0,40,0,51.10812495,8.5,38.49745283,0.18
20.8,40,14.73472,22.37447125,6.8,36.0685199,0.18
20.8,40,14.9776,3.053107169,6.5,33.17137855,0.18
20.8,40,15.54432,0,5.8,31.86061896,0.18
20.8,40,15.7872,0,5.5,30.39137032,0.18
0,40,0,0,5.4,27.71368489,0.25
0,40,0,0,5.6,26.3299167,0.25
0,40,0,0,5.3,25.6644453,0.25
0,40,0,0,5,25.55506573,0.25
0,40,0,0,4.8,25.82044916,0.25
0,40,0,0,4.7,25.48366056,0.25
0,40,0,0,4.5,25.20050449,0.25
0,40,0,0,4.8,24.96636149,0.25
0,40,0,0,4.3,24.8753283,0.25
0,40,0,0,3.9,24.60819387,0.25
20.8,40,17.4064,15.13234095,3.5,26.39347957,0.25
20.8,40,16.75872,36.82884075,4.3,28.80580078,0.25
20.8,40,16.03008,97.08245445,5.2,33.80838814,0.25
20.8,40,15.05856,199.9456116,6.4,42.50689839,0.25
0,40,0,221.813756,7.6,43.94696994,0.25
20.8,40,14.24896,218.0711132,7.4,45.39221806,0.18
20.8,40,14.81568,201.5288728,6.7,44.06506332,0.18
20.8,40,14.73472,211.816993,6.8,44.06154539,0.18
20.8,40,14.32992,194.7485786,7.3,43.82683391,0.18
0,40,0,129.2944952,6.2,36.78927282,0.18
20.8,40,15.70624,37.36324113,5.6,32.83246611,0.18
20.8,40,16.27296,1.906386103,4.9,28.62651927,0.18
20.8,40,17.0016,0,4,26.23776048,0.18
20.8,40,17.64928,0,3.2,24.95499554,0.25
0,40,0,0,3.8,23.74333391,0.25
0,40,0,0,3.8,24.03538289,0.25
0,40,0,0,3.9,24.66839653,0.25
0,40,0,0,3.9,24.96430416,0.25
0,40,0,0,3.7,24.96520036,0.25
0,40,0,0,3.6,25.4803235,0.25
0,40,0,0,3.6,26.68240212,0.25
0,40,0,0,3.3,27.25338748,0.25
0,40,0,0,3.4,27.56547637,0.25
0,40,0,0,3.3,27.67218265,0.25
20.8,40,17.4064,11.0244647,3.5,30.16626286,0.25
20.8,40,17.0016,37.96134761,4,33.92341706,0.25
20.8,40,16.43488,65.97641227,4.7,36.5813179,0.25
20.8,40,16.192,45.91284165,5,38.77791678,0.25
0,40,0,105.6249466,5.6,48.87066827,0.18
20.8,40,15.7872,109.5359801,5.5,59.72684058,0.18
20.8,40,15.54432,106.9940616,5.8,65.96689646,0.18
20.8,40,15.46336,51.79270082,5.9,56.19629507,0.18
20.8,40,15.22048,79.38138689,6.2,58.82868839,0.18
0,40,0,54.07431904,6.1,50.04363489,0.18
20.8,40,15.3824,23.97507847,6,49.51381811,0.18
20.8,40,15.70624,1.906437749,5.6,46.20241975,0.18
20.8,40,16.11104,0,5.1,39.66074694,0.25
20.8,40,16.43488,0,4.7,38.4283828,0.25
0,40,0,0,4.5,36.18936133,0.25
0,40,0,0,4.2,32.61241434,0.25
0,40,0,0,3.9,30.42385156,0.25
0,40,0,0,4.1,28.24287738,0.25
0,40,0,0,4,26.44870797,0.25
0,40,0,0,3.8,26.19286971,0.25
0,40,0,0,3.7,27.06182771,0.25
0,40,0,0,3.7,27.61812484,0.25
0,40,0,0,3.5,27.80919973,0.25
0,40,0,0,3.5,27.88737203,0.25
20.8,40,17.24448,11.92953135,3.7,29.23028568,0.25
20.8,40,16.92064,39.0925354,4.1,31.79615183,0.25
20.8,40,16.67776,33.52862229,4.4,34.68915601,0.25
20.8,40,15.94912,91.57110689,5.3,41.93504846,0.18
0,40,0,54.64200127,5.9,38.58398956,0.18
20.8,40,15.3824,58.67054601,6,40.53962889,0.18
20.8,40,15.13952,57.38319457,6.3,40.22526018,0.18
20.8,40,15.05856,51.79016883,6.4,39.6000432,0.18
20.8,40,15.05856,41.39265698,6.4,40.71986593,0.18
0,40,0,27.73819055,6.5,35.9410525,0.18
20.8,40,15.30144,13.04022862,6.1,33.85437727,0.18
20.8,40,15.46336,5.352201009,5.9,34.02963494,0.25
20.8,40,15.54432,0,5.8,33.77459878,0.25
20.8,40,15.54432,0,5.8,35.79667753,0.25
0,40,0,0,5.6,34.96929739,0.25
0,40,0,0,5.7,35.15498056,0.25
0,40,0,0,5.5,35.30492713,0.25
0,40,0,0,5.2,35.29851698,0.25
0,40,0,0,5.3,32.78456505,0.25
0,40,0,0,5.2,33.38426212,0.25
0,40,0,0,5.2,31.73605535,0.25
0,40,0,0,5.2,30.67264383,0.25
0,40,0,0,5.4,28.35888625,0.25
0,40,0,0.379152594,5.4,27.30010579,0.25
20.8,40,15.62528,12.82973853,5.7,30.63409967,0.25
20.8,40,15.46336,19.50734022,5.9,31.63434935,0.25
20.8,40,15.22048,34.31250884,6.2,33.10191375,0.18
20.8,40,15.30144,46.66684098,6.1,33.50425891,0.18
0,40,0,55.41290772,5.1,31.35323304,0.18
20.8,40,15.62528,59.05076511,5.7,33.41747359,0.18
20.8,40,15.30144,57.7662247,6.1,34.2905173,0.18
20.8,40,14.89664,52.17511574,6.6,35.68457713,0.18
20.8,40,14.49184,83.44101768,7.1,38.62267734,0.18
0,40,0,54.44543028,7.2,34.67943967,0.18
20.8,40,15.05856,40.14752436,6.4,33.61054967,0.25
20.8,40,15.70624,8.429135966,5.6,31.08146438,0.25
20.8,40,16.92064,0,4.1,28.76800561,0.25
20.8,40,17.64928,0,3.2,27.79743556,0.25
0,40,0,0,2.6,26.94614029,0.25
0,40,0,0,2.4,26.84182023,0.25
0,40,0,0,3.8,25.82663904,0.25
0,40,0,0,3.8,25.33345438,0.25
0,40,0,0,3.6,25.62862572,0.25
0,40,0,0,2.9,25.45577039,0.25
0,40,0,0,2.9,26.30220868,0.25
0,40,0,0,2.7,25.71013232,0.25
0,40,0,0,2.7,25.33881461,0.25
0,40,0,0.379193445,2.6,25.14779002,0.25
20.8,40,17.97312,5.841238092,2.8,27.76723424,0.25
20.8,40,17.8112,19.87274277,3,30.36248525,0.18
20.8,40,17.24448,71.27463274,3.7,40.73048255,0.18
20.8,40,16.67776,158.9076944,4.4,58.47651155,0.18
0,40,0,182.2621925,5.5,71.95135562,0.18
20.8,40,15.22048,205.5580816,6.2,74.11318929,0.18
20.8,40,14.41088,216.6387124,7.2,68.42209604,0.18
20.8,40,14.00608,222.1338142,7.7,72.50673862,0.18
20.8,40,14.00608,204.7251071,7.7,62.75995538,0.18
0,40,0,163.0001281,7.5,61.07718628,0.25
20.8,40,14.32992,93.31958709,7.3,51.00090571,0.25
20.8,40,15.7872,4.201471723,5.5,42.27945227,0.25
20.8,40,16.92064,0,4.1,36.34550717,0.25
20.8,40,16.67776,0,4.4,33.69805166,0.25
0,40,0,0,3.7,30.4139982,0.25
0,40,0,0,3.3,31.10117467,0.25
0,40,0,0,3.1,29.54223211,0.25
0,40,0,0,2.7,28.34652266,0.25
0,40,0,0,2.4,27.58284981,0.25
0,40,0,0,2.5,29.19801255,0.25
0,40,0,0,1.7,30.21599267,0.25
0,40,0,0,1.3,30.69559099,0.25
0,40,0,0,1.3,28.48986179,0.25
0,40,0,0.379234311,0.9,29.15914483,0.25
20.8,40,19.75424,6.204666607,0.6,28.31332289,0.18
20.8,40,19.59232,20.66892,0.8,31.74125795,0.18
20.8,40,18.70176,35.48134977,1.9,33.28595437,0.18
20.8,40,18.05408,160.5061095,2.7,41.32055886,0.18
0,40,0,204.9864761,4.7,53.52417368,0.18
20.8,40,15.05856,228.5288845,6.4,59.89506756,0.18
20.8,40,13.68224,217.8739856,8.1,62.64095541,0.18
20.8,40,12.87264,220.425094,9.1,64.61615316,0.18
20.8,40,12.62976,203.4605714,9.4,64.48566334,0.25
0,40,0,133.2817772,9.1,55.848069,0.25
20.8,40,13.11552,58.85656505,8.8,53.22801927,0.25
20.8,40,15.62528,4.584592319,5.7,41.57838896,0.25
20.8,40,16.75872,0,4.3,35.88651614,0.25
20.8,40,17.89216,0,2.9,34.88446198,0.25
0,40,0,0,-0.8,29.31328506,0.25
0,40,0,0,-0.4,26.52747683,0.25
0,40,0,0,0.2,27.5290086,0.25
0,40,0,0,-0.2,28.41065741,0.25
0,40,0,0,-0.5,29.92794495,0.25
0,40,0,0,0,30.11047981,0.25
0,40,0,0,-0.6,31.03127496,0.25
0,40,0,0,-0.4,31.81880489,0.25
0,40,0,0,-0.6,31.08567123,0.25
0,40,0,1.517100703,-0.3,31.90157184,0.18
20.8,40,19.51136,46.03173713,0.9,39.04464304,0.18
20.8,40,15.94912,113.079369,5.3,46.86080601,0.18
20.8,40,13.84416,167.6832882,7.9,65.45882875,0.18
20.8,40,11.65824,209.2216601,10.6,84.87955357,0.18
0,40,0,228.5793863,12.3,96.097635,0.18
20.8,40,9.06752,231.739319,13.8,110.4252875,0.18
20.8,40,8.41984,219.9547078,14.6,101.4423594,0.18
20.8,40,8.096,225.7460376,15,109.939897,0.25
20.8,40,7.77216,209.1189972,15.4,100.3266297,0.25
0,40,0,163.308533,15,72.16810279,0.25
20.8,40,8.98656,94.08954879,13.9,60.39114997,0.25
20.8,40,11.49632,8.811907801,10.8,48.62176544,0.25
20.8,40,12.9536,0,9,39.81401425,0.25
20.8,40,13.52032,0,8.3,35.71649761,0.25
0,40,0,0,7.1,31.39003978,0.25
0,40,0,0,6.6,29.87549594,0.25
0,40,0,0,5.7,28.15317081,0.25
0,40,0,0,5.8,28.05453066,0.25
0,40,0,0,4.9,27.63785963,0.25
0,40,0,0,4.6,27.26263299,0.25
0,40,0,0,4,29.533289,0.25
0,40,0,0,4.1,28.07849314,0.25
0,40,0,0,2.5,29.46004124,0.18
0,40,0,1.8965801,3.8,30.05739907,0.18
20.8,40,16.03008,44.94440721,5.2,33.90719126,0.18
20.8,40,14.168,107.9879708,7.5,41.79938312,0.18
20.8,40,12.71072,169.0285025,9.3,55.61784248,0.18
20.8,40,11.41536,188.3066193,10.9,66.31128573,0.18
0,40,0,222.9249112,13,71.74341257,0.18
20.8,40,8.25792,221.4278984,14.8,81.58129874,0.18
20.8,40,7.04352,182.8379064,16.3,94.68611431,0.25
20.8,40,6.4768,177.8704384,17,90.76299628,0.25
20.8,40,6.4768,204.1542779,17,101.9904877,0.25
0,40,0,164.4414714,16.9,87.3669176,0.25
20.8,40,7.44832,95.7855473,15.8,88.43474684,0.25
20.8,40,9.55328,10.78140266,13.2,80.15285032,0.25
20.8,40,11.01056,0,11.4,68.44357534,0.25
20.8,40,12.79168,0,9.2,53.80241033,0.25
0,40,0,0,8.2,42.03664689,0.25
0,40,0,0,7.9,35.24308685,0.25
0,40,0,0,6.4,32.76346757,0.25
0,40,0,0,7,33.98560922,0.25
0,40,0,0,6.8,32.83476728,0.25
0,40,0,0,4.8,33.40975505,0.25
0,40,0,0,5.8,30.72786058,0.25
0,40,0,0,4.9,29.91083335,0.18
0,40,0,0,3.8,29.10000428,0.18
0,40,0,0.758713652,3,28.35939312,0.18
20.8,40,17.0016,7.768895436,4,30.5983179,0.18
20.8,40,16.5968,22.19998576,4.5,33.13250921,0.18
20.8,40,15.46336,37.01252322,5.9,36.85688071,0.18
20.8,40,14.24896,97.17025905,7.4,43.28682126,0.18
0,40,0,58.09167259,8.7,41.55435488,0.18
20.8,40,12.30592,116.0097327,9.8,51.17196686,0.25
20.8,40,11.65824,152.3268268,10.6,55.7925334,0.25
20.8,40,11.09152,102.9984189,11.3,58.61906786,0.25
20.8,40,11.57728,85.09077623,10.7,51.6790933,0.25
0,40,0,58.97422958,9.9,44.30961842,0.25
20.8,40,13.27744,29.15052527,8.6,40.58531209,0.25
20.8,40,14.73472,5.351172092,6.8,36.41495355,0.25
20.8,40,16.11104,0,5.1,32.72989526,0.25
20.8,40,16.92064,0,4.1,30.29471849,0.25
0,40,0,0,4,26.95080425,0.25
0,40,0,0,4.1,26.49816882,0.25
0,40,0,0,3.8,25.65764413,0.25
0,40,0,0,3.5,27.31334685,0.25
0,40,0,0,3.2,26.50494612,0.25
0,40,0,0,3.6,26.1751826,0.25
0,40,0,0,4.1,25.68988364,0.18
0,40,0,0,4.6,25.33725521,0.18
0,40,0,0,4.4,25.48814544,0.18
0,40,0,0.758795151,5.2,26.07442924,0.18
20.8,40,15.70624,8.129443586,5.6,29.04970824,0.18
20.8,40,15.62528,22.9933115,5.7,29.84163723,0.18
20.8,40,15.54432,37.79428452,5.8,31.4280165,0.18
20.8,40,15.46336,50.1282711,5.9,32.43162766,0.18
0,40,0,58.47131474,6,31.99444587,0.25
20.8,40,15.54432,62.09964897,5.8,33.08032377,0.25
20.8,40,15.3824,113.7631645,6,35.11803085,0.25
20.8,40,15.30144,105.7628876,6.1,35.63326674,0.25
20.8,40,15.05856,85.87810964,6.4,35.92489224,0.25
0,40,0,92.78114122,6.3,33.29089037,0.25
20.8,40,15.7872,29.536295,5.5,33.17416872,0.25
20.8,40,16.192,7.655313169,5,31.40286847,0.25
20.8,40,16.83968,0,4.2,29.02086345,0.25
20.8,40,16.67776,0,4.4,31.72326765,0.25
0,40,0,0,4.4,30.03679495,0.25
0,40,0,0,4.3,29.33277865,0.25
0,40,0,0,4.5,28.0116896,0.25
0,40,0,0,5,26.48574974,0.25
0,40,0,0,5,25.28303791,0.25
0,40,0,0,4.6,24.24558585,0.18
0,40,0,0,4.6,24.04715225,0.18
0,40,0,0,4.6,24.40211953,0.18
0,40,0,0,4.8,24.68434242,0.18
0,40,0,1.517753002,4.8,24.86328716,0.18
20.8,40,16.03008,8.49032732,5.2,27.35518778,0.18
20.8,40,16.11104,35.5692194,5.1,28.98251589,0.18
20.8,40,16.11104,75.54895502,5.1,31.76609847,0.18
20.8,40,16.35392,168.6797361,4.8,36.01431916,0.25
0,40,0,157.0897542,5.3,34.86376957,0.25
20.8,40,14.73472,117.9020612,6.8,34.69271703,0.25
20.8,40,15.22048,115.3664274,6.2,33.66421889,0.25
20.8,40,15.30144,105.530678,6.1,33.77115975,0.25
20.8,40,15.3824,87.0314851,6,33.05940763,0.25
0,40,0,31.63319388,5.6,28.72503201,0.25
20.8,40,15.94912,16.12637364,5.3,28.21527751,0.25
20.8,40,16.192,3.053520973,5,27.50628093,0.25
20.8,40,16.192,0,5,27.12230927,0.25
20.8,40,16.35392,0,4.8,26.59770613,0.25
0,40,0,0,4.2,24.53413784,0.25
0,40,0,0,4.9,24.48340921,0.25
0,40,0,0,4.7,24.6377977,0.25
0,40,0,0,4.4,24.52136547,0.25
0,40,0,0,4.6,24.3608112,0.18
0,40,0,0,4.7,24.36352641,0.18
0,40,0,0,4.4,24.14047504,0.18
0,40,0,0,4,23.73863886,0.18
0,40,0,0,3.6,23.29490888,0.18
0,40,0,3.415309502,3.3,23.02805072,0.18
20.8,40,17.08256,66.63157826,3.9,27.29316659,0.18
20.8,40,16.51584,122.8479247,4.6,30.22079805,0.18
20.8,40,15.7872,181.2206477,5.5,35.80063961,0.25
20.8,40,15.70624,221.7118976,5.6,37.81385862,0.25
0,40,0,239.0710114,6.8,38.68536523,0.25
20.8,40,14.00608,237.2848955,7.7,41.50511515,0.25
20.8,40,13.60128,227.8912912,8.2,42.25845692,0.25
20.8,40,13.11552,232.2149094,8.8,43.15850999,0.25
20.8,40,12.79168,216.1028201,9.2,42.56917389,0.25
0,40,0,175.4763828,9.3,38.05853816,0.25
20.8,40,12.87264,104.1259253,9.1,37.85291957,0.25
20.8,40,13.7632,17.02162217,8,33.68607102,0.25
20.8,40,14.32992,0,7.3,31.00859159,0.25
20.8,40,14.89664,0,6.6,29.48508912,0.25
0,40,0,0,6.2,26.35520277,0.25
0,40,0,0,6.4,25.61295143,0.25
0,40,0,0,6.9,26.19405327,0.25
